0.016;0;0;0;24.1;-2;29.3;-77.9;-0.2;0;0;0
0.03;0;0;0;24.1;0;29.3;-77.9;0;0;0;0
0.048;13.496;0.56;14.48;24.1;40;29.2;-78;1.6;0;0;0
0.079;1.912;0.08;4.65;23.9;563;29.3;-77.9;2.4;0;0;0
0.109;0.241;0.01;0.68;24.1;1067;29.3;-80;2.5;0;0;0
0.129;0;0;0.35;24.1;1266;29.4;-81.1;2.3;0;0;0
0.144;0;0;0.6;24.1;1374;29.4;-81.7;2.3;0;0;0
0.177;0;0;0.36;24.1;1410;29.4;-82.6;1.5;0;0;0
0.21;0;0;0.49;24.2;1409;29.4;-83.3;1.5;0;0;0
0.218;0;0;0.58;24;1342;29.4;-83.5;1.6;0;0;0
0.24;0.482;0.02;1.38;24.1;1456;29.4;-83.5;2.2;0;0;0
0.269;0;0;0.42;24.1;1421;29.4;-84;2;0;0;0
0.299;0.24;0.01;0.88;24;1474;29.3;-81.7;2.2;0;0;0
0.318;0;0;0.53;24.2;1551;29.3;-80.8;2;0;0;0
0.329;1.21;0.05;1.91;24.2;1532;29.2;-80.4;2.8;0;0;0
0.359;0;0;0.6;24.1;1674;29.3;-79.4;2.2;0;0;0
0.4;0.242;0.01;0.71;24.2;1774;29.3;-78.8;2.2;0;0;0
0.408;0;0;0.07;23.9;1789;29.3;-78.8;2.2;0;0;0
0.429;0.726;0.03;1.26;24.2;1778;29.3;-78.5;2.7;0;0;0
0.46;0;0;0.52;23.9;1799;29.3;-78.6;2.5;0;0;0
0.489;0.482;0.02;1.02;24.1;1909;29.2;-78.3;2.5;0;0;0
0.498;0;0;0.59;24.2;1915;29.3;-78;2.7;0;0;0
0.518;0;0;0.58;24.1;1896;29.3;-78.2;2.5;0;0;0
0.549;0.24;0.01;0.79;24;1865;29.3;-78.2;2.6;0;0;0
0.58;0.482;0.02;1.22;24.1;2005;29.3;-77.7;2.7;0;0;0
0.598;0;0;0.26;24.1;2038;29.3;-77.6;2.6;0;0;0
0.608;1.446;0.06;1.94;24.1;2024;29.3;-78.1;3.4;0;0;0
0.641;0;0;0.52;23.9;2148;29.3;-80.3;2.8;0;0;0
0.672;0.482;0.02;0.92;24.1;2260;29.3;-81;3.1;0;0;0
0.689;0.241;0.01;0.65;24.1;2196;29.3;-82.2;3.1;0;0;0
0.704;0.723;0.03;1.38;24.1;2290;29.3;-83.2;3.3;0;0;0
0.736;0.241;0.01;0.78;24.1;2281;29.3;-82.9;3.1;0;0;0
0.768;0.482;0.02;0.98;24.1;2425;29.4;-82.5;3.3;0;0;0
0.78;0;0;0.26;24;2414;29.4;-82.9;3;0;0;0
0.799;0.964;0.04;1.65;24.1;2506;29.3;-83.4;3.6;0;0;0
0.829;0;0;0.66;24.2;2508;29.3;-83.4;3.2;0;0;0
0.859;0.723;0.03;1.13;24.1;2603;29.3;-83.9;3.7;0;0;0
0.88;0.241;0.01;0.81;24.1;2595;29.4;-83.6;3.7;0;0;0
0.896;0.968;0.04;1.49;24.2;2644;29.3;-83.6;3.9;0;0;0
0.928;0.242;0.01;0.89;24.2;2749;29.3;-84;3.5;0;0;0
0.958;0.723;0.03;1.23;24.1;2791;29.3;-83.8;3.7;0;0;0
0.968;0.24;0.01;0.96;24;2853;29.3;-83.1;3.7;0;0;0
0.989;0.968;0.04;1.45;24.2;2910;29.2;-81.4;4.1;0;0;0
1.019;0;0;0.85;24.1;2898;29.3;-82.3;3.7;0;0;0
1.049;0.72;0.03;1.34;24;3031;29.4;-83.3;4;0;0;0
1.068;0.241;0.01;0.91;24.1;3030;29.3;-83.9;3.9;0;0;0
1.079;1.687;0.07;1.88;24.1;3013;29.3;-83;4.7;0;0;0
1.11;0.241;0.01;0.94;24.1;3133;29.3;-81.1;4;0;0;0
1.15;0.484;0.02;0.83;24.2;3205;29.3;-79.2;4.2;0;0;0
1.158;0.242;0.01;1.02;24.2;3248;29.4;-79.6;4.1;0;0;0
1.179;0.968;0.04;1.59;24.2;3298;29.4;-80.8;4.6;0;0;0
1.209;0.242;0.01;0.95;24.2;3302;29.4;-82;4.5;0;0;0
1.239;0.723;0.03;1.17;24.1;3375;29.3;-81.1;4.6;0;0;0
1.249;0.241;0.01;1.16;24.1;3432;29.3;-81;4.5;0;0;0
1.268;0.241;0.01;0.97;24.1;3415;29.3;-81.6;4.2;0;0;0
1.298;0.482;0.02;1.02;24.1;3380;29.4;-82.5;4.6;0;0;0
1.329;0.964;0.04;1.34;24.1;3482;29.4;-83.4;4.9;0;0;0
1.344;0.242;0.01;0.95;24.2;3494;29.3;-82.3;4.7;0;0;0
1.359;1.452;0.06;1.74;24.2;3550;29.3;-81.3;5.1;0;0;0
1.393;0.241;0.01;0.91;24.1;3601;29.3;-79.3;4.9;0;0;0
1.425;0.723;0.03;1.17;24.1;3702;29.3;-77.7;5.1;0;0;0
1.438;0.241;0.01;0.65;24.1;3704;29.3;-77.3;4.8;0;0;0
1.457;1.446;0.06;1.63;24.1;3773;29.4;-77;5.2;0;0;0
1.489;0.241;0.01;0.92;24.1;3796;29.4;-76.7;5;0;0;0
1.519;0.964;0.04;1.11;24.1;3894;29.4;-76.5;5.3;0;0;0
1.536;0.241;0.01;0.75;24.1;3926;29.4;-76.1;5.1;0;0;0
1.549;1.687;0.07;1.74;24.1;3949;29.4;-75.9;5.7;0;0;0
1.578;0.239;0.01;0.6;23.9;4022;29.4;-75.5;5.2;0;0;0
1.609;0.972;0.04;1.46;24.3;4122;29.4;-77.8;5.4;0;0;0
1.629;0.242;0.01;0.85;24.2;4105;29.4;-79.2;5.1;0;0;0
1.65;1.446;0.06;1.52;24.1;4198;29.4;-79;5.8;0;0;0
1.68;0.241;0.01;0.93;24.1;4227;29.4;-78.6;5.4;0;0;0
1.709;0.964;0.04;1.37;24.1;4310;29.4;-80.1;5.6;0;0;0
1.718;0.482;0.02;1.4;24.1;4335;29.4;-80.3;5.6;0;0;0
1.739;1.446;0.06;1.66;24.1;4375;29.4;-80.8;5.8;0;0;0
1.77;0.241;0.01;0.82;24.1;4398;29.4;-81.5;5.9;0;0;0
1.799;1.205;0.05;1.12;24.1;4521;29.5;-82.1;6;0;0;0
1.818;0.241;0.01;0.5;24.1;4531;29.5;-83.4;5.6;0;0;0
1.828;2.169;0.09;1.67;24.1;4531;29.4;-83.4;6.5;0;0;0
1.859;0.482;0.02;0.87;24.1;4602;29.5;-83.5;6;0;0;0
1.899;0.96;0.04;1.06;24;4721;29.5;-84.2;6.2;0;0;0
1.905;0.482;0.02;1.26;24.1;4735;29.5;-84.4;5.8;0;0;0
1.921;1.936;0.08;1.54;24.2;4765;29.5;-84.3;6.6;0;0;0
1.953;0.242;0.01;0.92;24.2;4837;29.5;-84.1;6;0;0;0
1.985;1.205;0.05;1.23;24.1;4935;29.5;-84.5;6.4;0;0;0
1.999;0.241;0.01;1.08;24.1;4940;29.5;-84.6;6.2;0;0;0
2.017;0.482;0.02;0.79;24.1;4897;29.5;-84.6;6.3;0;0;0
2.048;0.723;0.03;1.14;24.1;4894;29.6;-83.9;6.1;0;0;0
2.079;1.21;0.05;1.53;24.2;4988;29.5;-82.3;6.7;0;0;0
2.096;0.482;0.02;1.22;24.1;5034;29.5;-81;6.2;0;0;0
2.109;2.41;0.1;1.86;24.1;5045;29.5;-80.8;7;0;0;0
2.14;0.482;0.02;0.99;24.1;5134;29.5;-80.2;6.6;0;0;0
2.178;0.964;0.04;1.4;24.1;5223;29.5;-79.3;6.6;0;0;0
2.19;0.482;0.02;0.8;24.1;5226;29.5;-79.3;6.4;0;0;0
2.209;1.936;0.08;1.79;24.2;5302;29.5;-79;7;0;0;0
2.239;0.242;0.01;0.31;24.2;5342;29.5;-80.4;6.8;0;0;0
2.269;1.446;0.06;1.54;24.1;5394;29.6;-81.5;7.1;0;0;0
2.288;0.482;0.02;1.37;24.1;5431;29.6;-81.5;6.6;0;0;0
2.299;2.892;0.12;2;24.1;5435;29.6;-81.6;7.6;0;0;0
2.329;0.482;0.02;0.51;24.1;5533;29.5;-83.6;7.1;0;0;0
2.358;1.21;0.05;1.36;24.2;5645;29.5;-83.3;7.2;0;0;0
2.378;0.242;0.01;0.58;24.2;5615;29.6;-83.5;7.3;0;0;0
2.389;2.892;0.12;1.89;24.1;5649;29.6;-83.8;7.9;0;0;0
2.429;0.484;0.02;0.86;24.2;5708;29.6;-83.7;7.5;0;0;0
2.459;1.446;0.06;1.43;24.1;5801;29.5;-83.5;7.7;0;0;0
2.468;0.482;0.02;1.01;24.1;5806;29.5;-83.9;7.5;0;0;0
2.489;1.687;0.07;1.5;24.1;5899;29.5;-82.5;7.8;0;0;0
2.519;0.241;0.01;0.4;24.1;5902;29.5;-81.4;7.5;0;0;0
2.549;1.68;0.07;1.36;24;6001;29.5;-80.4;7.9;0;0;0
2.568;0.241;0.01;0.45;24.1;6015;29.5;-79.8;7.7;0;0;0
2.579;3.374;0.14;1.83;24.1;6046;29.5;-79.6;8.4;0;0;0
2.61;0.723;0.03;1.19;24.1;6152;29.6;-80.2;7.6;0;0;0
2.641;1.446;0.06;1.25;24.1;6229;29.6;-82;7.8;0;0;0
2.657;0.241;0.01;0.24;24.1;6234;29.6;-81.6;7.8;0;0;0
2.672;2.651;0.11;1.93;24.1;6258;29.6;-81.4;8.5;0;0;0
2.704;0.241;0.01;0.57;24.1;6315;29.6;-80.8;8.1;0;0;0
2.737;1.446;0.06;1.34;24.1;6412;29.6;-79.7;8.2;0;0;0
2.749;0.241;0.01;0.12;24.1;6428;29.6;-79.7;8.4;0;0;0
2.768;0.726;0.03;0.68;24.2;6416;29.6;-79.3;8.2;0;0;0
2.799;0.964;0.04;1.27;24.1;6391;29.6;-79.1;8.1;0;0;0
2.829;1.687;0.07;1.47;24.1;6503;29.6;-78.5;8.4;0;0;0
2.847;0.484;0.02;0.15;24.2;6527;29.6;-78.4;8.2;0;0;0
2.86;3.133;0.13;1.71;24.1;6559;29.6;-78.3;9;0;0;0
2.89;0.482;0.02;1.05;24.1;6647;29.6;-78.2;8.2;0;0;0
2.929;0.964;0.04;0.78;24.1;6725;29.6;-77.7;8.7;0;0;0
2.938;0.482;0.02;0.33;24.1;6716;29.6;-77.6;8.6;0;0;0
2.959;2.41;0.1;1.61;24.1;6801;29.6;-77.6;8.9;0;0;0
2.989;0.482;0.02;0.36;24.1;6822;29.7;-80.1;8.6;0;0;0
3.018;1.694;0.07;1.45;24.2;6939;29.7;-81.8;8.7;0;0;0
3.039;0.482;0.02;0.28;24.1;6929;29.6;-82.6;8.6;0;0;0
3.048;3.6;0.15;1.83;24;6939;29.6;-83;9.5;0;0;0
3.08;0.723;0.03;0.81;24.1;7042;29.5;-81.1;8.8;0;0;0
3.109;1.44;0.06;1.02;24;7128;29.6;-79.4;9.4;0;0;0
3.128;0.484;0.02;0.35;24.2;7138;29.7;-81;9.1;0;0;0
3.14;3.36;0.14;1.84;24;7163;29.6;-80.7;9.7;0;0;0
3.179;0.48;0.02;0.35;24;7219;29.6;-79.8;9.1;0;0;0
3.209;1.687;0.07;1.27;24.1;7315;29.6;-79;9.4;0;0;0
3.218;0.24;0.01;0.42;24;7314;29.7;-78.8;9.3;0;0;0
3.238;2.42;0.1;1.65;24.2;7388;29.6;-78.4;9.8;0;0;0
3.269;0.482;0.02;0.64;24.1;7409;29.7;-80.2;9.4;0;0;0
3.297;2.169;0.09;1.48;24.1;7520;29.7;-81.8;9.6;0;0;0
3.312;0.241;0.01;0.36;24.1;7520;29.7;-82.5;9.5;0;0;0
3.328;3.374;0.14;2.05;24.1;7588;29.7;-82.9;9.9;0;0;0
3.359;0.241;0.01;0.44;24.1;7651;29.7;-83.4;9.5;0;0;0
3.39;1.687;0.07;1.2;24.1;7721;29.7;-84.7;9.9;0;0;0
3.408;0.48;0.02;1.01;24;7719;29.7;-84.7;9.6;0;0;0
3.424;3.133;0.13;2.21;24.1;7763;29.7;-84.7;10.2;0;0;0
3.458;0.482;0.02;0.44;24.1;7830;29.8;-84;9.8;0;0;0
3.488;1.936;0.08;1.2;24.2;7918;29.8;-84.2;10.2;0;0;0
3.498;0.243;0.01;0.33;24.3;7923;29.8;-84.4;9.9;0;0;0
3.519;0.723;0.03;0.79;24.1;7917;29.7;-84.6;10;0;0;0
3.549;1.205;0.05;1.17;24.1;7903;29.6;-84.6;10;0;0;0
3.579;1.928;0.08;1.11;24.1;8022;29.6;-84;10.3;0;0;0
3.598;0.241;0.01;0.29;24.1;8017;29.6;-83.8;10.2;0;0;0
3.608;4.338;0.18;1.94;24.1;8056;29.7;-83.8;10.8;0;0;0
3.649;0.482;0.02;0.52;24.1;8125;29.7;-83.8;10;0;0;0
3.679;1.936;0.08;0.99;24.2;8215;29.7;-82.9;10.6;0;0;0
3.688;0.241;0.01;0.02;24.1;8239;29.7;-82.4;10.4;0;0;0
3.708;2.169;0.09;1.42;24.1;8316;29.7;-81.2;10.8;0;0;0
3.74;0.241;0.01;0.3;24.1;8347;29.7;-79.9;10.4;0;0;0
3.769;2.169;0.09;1.31;24.1;8433;29.7;-79.2;10.5;0;0;0
3.788;0.241;0.01;0.33;24.1;8435;29.8;-80.5;10.5;0;0;0
3.798;4.338;0.18;2.19;24.1;8442;29.7;-80.6;11.4;0;0;0
3.829;0.484;0.02;0.49;24.2;8535;29.7;-81.4;10.7;0;0;0
3.859;1.687;0.07;1.08;24.1;8632;29.8;-82.2;11;0;0;0
3.879;0.241;0.01;0.03;24.1;8635;29.8;-82.4;10.9;0;0;0
3.897;3.133;0.13;1.8;24.1;8712;29.8;-82.5;11.2;0;0;0
3.929;0.241;0.01;0.16;24.1;8730;29.7;-82.7;10.9;0;0;0
3.953;2.662;0.11;1.32;24.2;8820;29.8;-83;11.3;0;0;0
3.968;0.241;0.01;0.21;24.1;8841;29.8;-82.7;11;0;0;0
3.984;2.892;0.12;1.44;24.1;8907;29.7;-82.6;11.6;0;0;0
4.016;0.24;0.01;0.23;24;8942;29.8;-83;11.2;0;0;0
4.049;1.68;0.07;0.87;24;9033;29.8;-83.9;11.5;0;0;0
4.064;0.482;0.02;0.19;24.1;9042;29.8;-84.6;11.3;0;0;0
4.078;3.856;0.16;1.86;24.1;9080;29.8;-85;11.8;0;0;0
4.109;0.241;0.01;0.37;24.1;9129;29.8;-84.7;11.6;0;0;0
4.145;1.936;0.08;1.02;24.2;9235;29.8;-85.5;11.6;0;0;0
4.158;0.484;0.02;0.11;24.2;9231;29.8;-85.9;11.5;0;0;0
4.177;3.146;0.13;1.66;24.2;9295;29.8;-86.3;11.9;0;0;0
4.209;0.241;0.01;0.16;24.1;9343;29.7;-85.2;11.6;0;0;0
4.239;1.92;0.08;1.12;24;9440;29.8;-84.9;11.9;0;0;0
4.248;0;0;0.05;24.1;9438;29.9;-84.4;11.9;0;0;0
4.269;0.723;0.03;0.5;24.1;9428;29.8;-84.1;11.8;0;0;0
4.299;1.446;0.06;1.27;24.1;9387;29.8;-84.6;11.9;0;0;0
4.329;2.41;0.1;1.22;24.1;9526;29.8;-84.9;12.2;0;0;0
4.349;0.241;0.01;0.29;24.1;9550;29.8;-84.8;11.8;0;0;0
4.359;4.356;0.18;1.47;24.2;9565;29.8;-84.1;12.7;0;0;0
4.389;0.484;0.02;0.38;24.2;9654;29.8;-84.3;12;0;0;0
4.431;1.446;0.06;0.7;24.1;9748;29.8;-84;12.3;0;0;0
4.438;0.723;0.03;0.25;24.1;9742;29.9;-83.7;12.2;0;0;0
4.458;2.892;0.12;1.54;24.1;9807;29.8;-83.4;12.6;0;0;0
4.489;0.241;0.01;0.14;24.1;9839;29.9;-84;12.2;0;0;0
4.519;2.178;0.09;0.99;24.2;9929;29.8;-84.6;12.6;0;0;0
4.536;0.482;0.02;0.18;24.1;9936;29.9;-84.6;12.4;0;0;0
4.549;4.32;0.18;1.9;24;9962;29.8;-83.5;13.1;0;0;0
4.577;0.482;0.02;0.47;24.1;10052;29.8;-81.9;12.5;0;0;0
4.61;1.68;0.07;0.88;24;10154;29.8;-80.7;12.8;0;0;0
4.626;0.482;0.02;0.28;24.1;10146;29.8;-80;12.6;0;0;0
4.64;4.097;0.17;1.82;24.1;10195;29.8;-79.8;13.1;0;0;0
4.672;0.241;0.01;0.19;24.1;10235;29.8;-79.2;12.8;0;0;0
4.705;2.169;0.09;0.94;24.1;10339;29.8;-78.7;13;0;0;0
4.719;0.241;0.01;0.06;24.1;10341;29.8;-79.5;12.9;0;0;0
4.736;3.36;0.14;1.49;24;10397;29.8;-79.3;13.4;0;0;0
4.769;0.241;0.01;0.19;24.1;10440;29.8;-79.1;13;0;0;0
4.798;2.178;0.09;0.98;24.2;10532;29.8;-78.6;13.4;0;0;0
4.816;0.482;0.02;0.12;24.1;10538;29.8;-78.4;13.1;0;0;0
4.829;4.56;0.19;1.77;24;10575;29.8;-78.3;13.7;0;0;0
4.859;0.482;0.02;0.39;24.1;10643;29.8;-78.1;13.2;0;0;0
4.897;1.687;0.07;0.9;24.1;10751;29.8;-77.5;13.5;0;0;0
4.909;0.723;0.03;0.01;24.1;10743;29.9;-77.7;13.3;0;0;0
4.929;3.374;0.14;1.42;24.1;10807;29.9;-77.8;13.9;0;0;0
4.959;0.482;0.02;0.25;24.1;10836;29.9;-77.7;13.5;0;0;0
4.991;2.169;0.09;0.99;24.1;10935;29.9;-77.6;13.7;0;0;0
4.998;0;0;-0.16;24.1;10939;29.9;-77.7;13.9;0;0;0
5.019;0.968;0.04;0.41;24.2;10921;29.9;-77.6;13.7;0;0;0
5.049;1.44;0.06;1.09;24;10903;29.8;-77.6;13.7;0;0;0
5.079;2.651;0.11;1.27;24.1;11024;29.8;-77.6;14;0;0;0
5.099;0.241;0.01;0.22;24.1;11060;29.8;-77.6;13.8;0;0;0
5.109;4.84;0.2;1.94;24.2;11077;29.9;-77.8;14.5;0;0;0
5.146;0.482;0.02;0.35;24.1;11145;29.8;-77.5;14;0;0;0
5.177;2.42;0.1;0.95;24.2;11243;29.9;-77.9;14.2;0;0;0
5.189;0.242;0.01;0.11;24.2;11248;29.9;-77.8;14.1;0;0;0
5.207;3.856;0.16;1.65;24.1;11301;29.9;-78.1;14.4;0;0;0
5.239;0.241;0.01;0.18;24.1;11342;29.8;-78.1;14.1;0;0;0
5.269;2.41;0.1;0.97;24.1;11437;29.9;-78;14.4;0;0;0
5.283;0;0;-0.02;24.1;11448;29.9;-78.2;14.4;0;0;0
5.297;4.579;0.19;1.67;24.1;11480;29.9;-77.9;14.9;0;0;0
5.329;0.24;0.01;0.22;24;11558;29.9;-78.2;14.5;0;0;0
5.36;2.178;0.09;0.87;24.2;11646;29.9;-78.5;14.7;0;0;0
5.376;0.241;0.01;0.24;24.1;11645;29.9;-78.1;14.5;0;0;0
5.39;4.56;0.19;1.82;24;11679;29.9;-79;15.2;0;0;0
5.425;0.241;0.01;0.26;24.1;11753;30;-82;14.6;0;0;0
5.456;2.169;0.09;0.98;24.1;11841;30;-83.5;15;0;0;0
5.468;0.484;0.02;0.21;24.2;11854;30;-83.6;14.7;0;0;0
5.488;3.146;0.13;1.27;24.2;11917;30;-83.4;15.2;0;0;0
5.518;0.241;0.01;0.11;24.1;11954;29.9;-81.3;14.9;0;0;0
5.55;2.178;0.09;0.91;24.2;12039;29.8;-79.5;15.2;0;0;0
5.564;0.482;0.02;0.19;24.1;12042;29.9;-78.8;15;0;0;0
5.579;4.338;0.18;1.66;24.1;12076;29.9;-78.5;15.6;0;0;0
5.61;0.241;0.01;0.22;24.1;12139;29.9;-77.8;15.3;0;0;0
5.643;2.178;0.09;0.85;24.2;12245;29.9;-77.2;15.5;0;0;0
5.658;0.241;0.01;0.14;24.1;12246;29.9;-77.1;15.3;0;0;0
5.675;4.338;0.18;1.52;24.1;12301;29.9;-76.8;15.6;0;0;0
5.707;0.241;0.01;0.1;24.1;12331;29.9;-76.5;15.5;0;0;0
5.738;2.662;0.11;1.07;24.2;12430;29.9;-77;15.6;0;0;0
5.748;0;0;0.14;24.1;12442;29.9;-77.3;15.6;0;0;0
5.767;0.482;0.02;0.28;24.1;12424;29.9;-77.4;15.5;0;0;0
5.8;1.446;0.06;0.93;24.1;12402;29.9;-77.5;15.5;0;0;0
5.829;2.892;0.12;1.14;24.1;12525;29.9;-77.6;15.9;0;0;0
5.845;0;0;0.1;24.1;12555;29.9;-77.7;15.8;0;0;0
5.859;4.338;0.18;1.52;24.1;12601;29.9;-77.4;16.2;0;0;0
5.894;0.239;0.01;0.11;23.9;12675;29.9;-77.5;15.8;0;0;0
5.928;2.178;0.09;0.91;24.2;12743;29.9;-77.7;16;0;0;0
5.938;0.482;0.02;0.03;24.1;12736;30;-77.8;15.8;0;0;0
5.957;3.872;0.16;1.41;24.2;12801;30;-77.8;16.3;0;0;0
5.984;0.241;0.01;0.15;24.1;12858;29.9;-78.1;16.1;0;0;0
6.016;2.169;0.09;0.72;24.1;12957;30;-77.9;16.3;0;0;0
6.033;0;0;-0.12;24.1;12963;29.9;-77.9;16.2;0;0;0
6.049;4.579;0.19;1.66;24.1;13004;30;-77.8;16.6;0;0;0
6.08;0;0;0.03;24.1;13061;30;-77.8;16.3;0;0;0
6.11;2.169;0.09;0.85;24.1;13147;30.1;-79.3;16.6;0;0;0
6.128;0.484;0.02;0.18;24.2;13143;30;-80.5;16.3;0;0;0
6.145;4.598;0.19;1.62;24.2;13186;30;-80.7;16.8;0;0;0
6.178;0;0;0.12;24.2;13230;30;-82.3;16.7;0;0;0
6.209;2.4;0.1;0.77;24;13354;30;-81.2;17;0;0;0
6.218;0.241;0.01;0.16;24.1;13377;30;-81;16.9;0;0;0
6.239;2.651;0.11;1.02;24.1;13442;30;-81.4;17;0;0;0
6.269;0.241;0.01;0.12;24.1;13440;30;-82.3;16.8;0;0;0
6.299;2.904;0.12;1.05;24.2;13522;30;-82.7;16.9;0;0;0
6.318;0.241;0.01;0.12;24.1;13520;30;-81.7;16.9;0;0;0
6.329;6.266;0.26;1.84;24.1;13548;30;-81.1;17.7;0;0;0
6.36;0.723;0.03;0.31;24.1;13655;30;-83.2;17;0;0;0
6.398;1.694;0.07;0.7;24.2;13768;30;-83.4;17.4;0;0;0
6.408;0.482;0.02;0.16;24.1;13777;30;-83.9;17.1;0;0;0
6.428;3.133;0.13;1.3;24.1;13827;30.1;-83.9;17.5;0;0;0
6.46;0.48;0.02;0.26;24;13826;30;-83.8;17.2;0;0;0
6.489;2.892;0.12;0.97;24.1;13922;30.1;-83.5;17.7;0;0;0
6.499;0.482;0.02;0.17;24.1;13941;30;-83.7;17.4;0;0;0
6.518;0;0;-0.01;24.1;13941;30.1;-83.8;17.4;0;0;0
6.549;1.205;0.05;0.6;24.1;13900;30;-82;17.5;0;0;0
6.579;2.892;0.12;1;24.1;14034;30;-80.3;17.8;0;0;0
6.598;0.242;0.01;0.18;24.2;14062;30;-79.7;17.6;0;0;0
6.609;5.082;0.21;1.67;24.2;14093;30;-79.1;18.1;0;0;0
6.641;0.24;0.01;0.25;24;14171;30;-78.7;17.7;0;0;0
6.673;1.92;0.08;0.62;24;14259;30;-78.6;17.9;0;0;0
6.688;0.241;0.01;0.2;24.1;14256;30.1;-79.4;17.7;0;0;0
6.704;4.338;0.18;1.35;24.1;14303;30.1;-80.1;18.2;0;0;0
6.737;0.482;0.02;0.14;24.1;14329;30;-80.9;17.8;0;0;0
6.769;2.892;0.12;0.89;24.1;14421;30;-80.4;18.1;0;0;0
6.784;0.241;0.01;0.19;24.1;14418;30;-80;18.1;0;0;0
6.8;5.543;0.23;1.7;24.1;14466;30;-79.7;18.4;0;0;0
6.829;0;0;0.12;24.1;14529;30;-79.5;18.3;0;0;0
6.859;2.651;0.11;0.8;24.1;14650;30;-79.2;18.5;0;0;0
6.88;0.241;0.01;0.14;24.1;14668;30;-79;18.2;0;0;0
6.896;3.856;0.16;1.27;24.1;14719;30;-78.7;18.7;0;0;0
6.93;0.241;0.01;0.09;24.1;14782;30;-78.9;18.4;0;0;0
6.959;2.41;0.1;0.78;24.1;14851;30;-78.4;18.7;0;0;0
6.969;0.484;0.02;0.19;24.2;14855;30;-77.9;18.5;0;0;0
6.99;3.36;0.14;1.11;24;14921;30;-77.3;18.9;0;0;0
7.019;0.242;0.01;0.11;24.2;14941;30;-76.6;18.7;0;0;0
7.048;2.892;0.12;0.83;24.1;15033;30;-76.2;18.8;0;0;0
7.067;0;0;0.01;24.2;15038;30;-77.9;18.7;0;0;0
7.078;6.292;0.26;1.63;24.2;15062;30;-78.5;19.4;0;0;0
7.109;0.482;0.02;0.24;24.1;15144;30.1;-80.6;18.9;0;0;0
7.147;1.928;0.08;0.54;24.1;15261;30.1;-82;19.2;0;0;0
7.159;0.482;0.02;0.17;24.1;15263;30.1;-82.4;18.9;0;0;0
7.178;3.84;0.16;1.2;24;15320;30.1;-82.9;19.4;0;0;0
7.208;0;0;0.04;24;15351;30.1;-83.3;19.3;0;0;0
7.239;2.64;0.11;0.78;24;15442;30.1;-81.3;19.4;0;0;0
7.249;0.241;0.01;0.26;24.1;15445;30.1;-81;19.3;0;0;0
7.269;0.723;0.03;0.12;24.1;15424;30;-80.6;19.1;0;0;0
7.297;1.452;0.06;0.62;24.2;15389;30.1;-81.7;19.3;0;0;0
7.329;3.133;0.13;0.89;24.1;15525;30.1;-82.2;19.7;0;0;0
7.345;0.482;0.02;0.19;24.1;15558;30;-82;19.4;0;0;0
7.359;4.338;0.18;1.36;24.1;15608;30.1;-82.5;19.9;0;0;0
7.39;0.241;0.01;0.12;24.1;15663;30;-83;19.5;0;0;0
7.425;2.169;0.09;0.69;24.1;15751;30;-83.4;19.7;0;0;0
7.438;0;0;0.08;24;15746;30;-83.3;19.6;0;0;0
7.456;4.338;0.18;1.21;24.1;15799;30;-83.5;20.1;0;0;0
7.489;0.241;0.01;0.04;24.1;15847;30;-83.3;19.8;0;0;0
7.519;2.64;0.11;0.82;24;15936;30.1;-83.4;20.1;0;0;0
7.53;0.241;0.01;0.07;24.1;15949;30.1;-83.2;20;0;0;0
7.548;3.872;0.16;1.19;24.2;16017;30.1;-83.2;20.3;0;0;0
7.578;0.24;0.01;0.13;24;16071;30.1;-81.7;20;0;0;0
7.609;2.41;0.1;0.79;24.1;16151;30.1;-83;20.2;0;0;0
7.628;0.242;0.01;0.11;24.2;16151;30.1;-83.4;20.1;0;0;0
7.64;6.025;0.25;1.43;24.1;16179;30.1;-83.5;20.8;0;0;0
7.68;0.242;0.01;0.15;24.2;16260;30.1;-81.7;20.3;0;0;0
7.709;2.41;0.1;0.71;24.1;16355;30.1;-80.5;20.6;0;0;0
7.719;0.242;0.01;0;24.2;16374;30.1;-79.7;20.5;0;0;0
7.739;2.892;0.12;0.92;24.1;16445;30.1;-78.5;20.8;0;0;0
7.77;0.24;0.01;0.11;24;16480;30;-77.9;20.5;0;0;0
7.799;2.42;0.1;0.71;24.2;16553;30.1;-77.1;20.8;0;0;0
7.818;0;0;0.05;24.2;16562;30.1;-76.7;20.7;0;0;0
7.829;6.292;0.26;1.5;24.2;16588;30.1;-76.7;21.2;0;0;0
7.859;0.482;0.02;0.19;24.1;16672;30.1;-76.6;20.8;0;0;0
7.9;1.687;0.07;0.57;24.1;16760;30;-76.1;20.9;0;0;0
7.908;0;0;0;24.1;16757;30.1;-76;20.9;0;0;0
7.929;3.856;0.16;1.06;24.1;16812;30;-75.5;21.3;0;0;0
7.959;0.241;0.01;0.03;24.1;16837;30.1;-78.5;21;0;0;0
7.984;3.645;0.15;0.94;24.3;16914;30.1;-78.5;21.3;0;0;0
8.003;0.241;0.01;0.15;24.1;16931;30.1;-79.2;21.2;0;0;0
8.016;0.484;0.02;0.13;24.2;16920;30.1;-79.7;21;0;0;0
8.048;1.452;0.06;0.54;24.2;16885;30.2;-81;21.1;0;0;0
8.079;3.374;0.14;0.89;24.1;17010;30.2;-81.5;21.6;0;0;0
8.096;0.241;0.01;0.11;24.1;17040;30.2;-82.7;21.4;0;0;0
8.109;5.784;0.24;1.67;24.1;17075;30.2;-83;21.8;0;0;0
8.139;0.241;0.01;0.13;24.1;17161;30.2;-83.3;21.4;0;0;0
8.178;1.936;0.08;0.51;24.2;17248;30.2;-83.9;21.5;0;0;0
8.189;0;0;0.04;24.1;17245;30.1;-84.1;21.5;0;0;0
8.208;4.338;0.18;1.04;24.1;17307;30.2;-84.8;21.9;0;0;0
8.241;0.241;0.01;0.14;24.1;17342;30.1;-82.9;21.5;0;0;0
8.269;2.892;0.12;0.75;24.1;17421;30.1;-82;22;0;0;0
8.288;0.482;0.02;0.14;24.1;17440;30.1;-81.2;21.7;0;0;0
8.298;7.018;0.29;1.47;24.2;17458;30.1;-80.7;22.3;0;0;0
8.331;0.241;0.01;0.19;24.1;17545;30.1;-81.8;22;0;0;0
8.359;2.651;0.11;0.73;24.1;17644;30.2;-82.5;22.2;0;0;0
8.378;0;0;0.03;24.1;17669;30.2;-82.6;22.2;0;0;0
8.39;5.76;0.24;1.58;24;17702;30.2;-82.9;22.4;0;0;0
8.429;0.241;0.01;0.11;24.1;17761;30.2;-82.9;22.1;0;0;0
8.459;2.892;0.12;0.81;24.1;17829;30.2;-83.1;22.5;0;0;0
8.467;0.482;0.02;0.16;24.1;17839;30.2;-83.1;22.3;0;0;0
8.489;3.374;0.14;0.94;24.1;17914;30.2;-83.7;22.7;0;0;0
8.516;0;0;0.08;24;17943;30.2;-83.6;22.5;0;0;0
8.547;2.892;0.12;0.81;24.1;18033;30.2;-84.2;22.7;0;0;0
8.562;0;0;0.07;24.1;18050;30.2;-84;22.6;0;0;0
8.578;4.598;0.19;1.27;24.2;18100;30.2;-84.3;23;0;0;0
8.61;0.484;0.02;0.12;24.2;18167;30.2;-83.8;22.6;0;0;0
8.641;2.169;0.09;0.59;24.1;18255;30.2;-84;23.1;0;0;0
8.656;0.723;0.03;0.16;24.1;18261;30.2;-84.2;22.7;0;0;0
8.672;4.598;0.19;1.16;24.2;18307;30.2;-84.5;23.1;0;0;0
8.704;0.241;0.01;0.07;24.1;18350;30.2;-85.1;22.8;0;0;0
8.737;2.651;0.11;0.65;24.1;18434;30.1;-82.2;23.1;0;0;0
8.748;0;0;0.05;24.1;18443;30.1;-81.6;23.1;0;0;0
8.767;0.242;0.01;0.07;24.2;18429;30.1;-80.7;22.9;0;0;0
8.798;1.205;0.05;0.32;24.1;18385;30.1;-79;23;0;0;0
8.829;3.615;0.15;0.88;24.1;18509;30.2;-79.9;23.4;0;0;0
8.844;0;0;0.07;24.1;18547;30.2;-80.8;23.3;0;0;0
8.859;4.579;0.19;1.23;24.1;18600;30.2;-81.2;23.6;0;0;0
8.89;0.242;0.01;0.11;24.2;18675;30.2;-82.3;23.3;0;0;0
8.923;2.169;0.09;0.49;24.1;18762;30.2;-83.4;23.5;0;0;0
8.938;0;0;0.1;24;18758;30.2;-84;23.4;0;0;0
8.954;5.061;0.21;1.3;24.1;18798;30.2;-84.5;23.8;0;0;0
8.987;0.24;0.01;0.08;24;18839;30.2;-84.6;23.4;0;0;0
9.018;2.892;0.12;0.73;24.1;18930;30.2;-83;23.9;0;0;0
9.034;0.241;0.01;0.13;24.1;18946;30.2;-82.1;23.7;0;0;0
9.049;5.302;0.22;1.22;24.1;18994;30.2;-82.7;24.1;0;0;0
9.08;0.242;0.01;0.1;24.2;19057;30.2;-83.2;23.8;0;0;0
9.109;2.42;0.1;0.57;24.2;19151;30.2;-83.7;24.2;0;0;0
9.126;0.484;0.02;0.12;24.2;19176;30.2;-84;23.9;0;0;0
9.143;3.872;0.16;1.04;24.2;19226;30.2;-84.1;24.3;0;0;0
9.173;0.241;0.01;0.07;24.1;19270;30.3;-83.6;24.1;0;0;0
9.204;2.41;0.1;0.53;24.1;19371;30.2;-82;24.3;0;0;0
9.218;0;0;0.07;24.2;19389;30.1;-81.5;24.3;0;0;0
9.235;3.856;0.16;0.92;24.1;19436;30.2;-80.9;24.6;0;0;0
9.266;0.241;0.01;0.07;24.1;19463;30.2;-81.5;24.3;0;0;0
9.297;2.42;0.1;0.59;24.2;19555;30.1;-82.3;24.7;0;0;0
9.313;0.24;0.01;0.06;24;19581;30.2;-83.3;24.5;0;0;0
9.329;4.32;0.18;1.05;24;19623;30.2;-83.4;24.8;0;0;0
9.359;0.24;0.01;0.11;24;19659;30.2;-83.8;24.6;0;0;0
9.392;2.651;0.11;0.66;24.1;19738;30.3;-83.8;24.8;0;0;0
9.406;0.482;0.02;0.11;24.1;19748;30.2;-82.9;24.6;0;0;0
9.422;4.82;0.2;1.08;24.1;19794;30.2;-82.1;25.1;0;0;0
9.453;0.241;0.01;0.07;24.1;19836;30.2;-80.9;24.8;0;0;0
9.485;2.892;0.12;0.75;24.1;19927;30.2;-80;25;0;0;0
9.499;0;0;0.01;24.2;19946;30.2;-79.5;25;0;0;0
9.516;0.242;0.01;0.04;24.2;19940;30.2;-79.1;24.8;0;0;0
9.547;1.21;0.05;0.28;24.2;19886;30.2;-78.8;24.8;0;0;0
9.578;3.872;0.16;0.88;24.2;20000;30.1;-78.6;25.2;0;0;0
9.593;0;0;0.09;24.1;20031;30.2;-78.5;25.1;0;0;0
9.609;4.579;0.19;0.92;24.1;20099;30.2;-78.1;25.6;0;0;0
9.641;0.241;0.01;0.09;24.1;20183;30.2;-78.1;25.3;0;0;0
9.68;1.928;0.08;0.49;24.1;20267;30.1;-77;25.4;0;0;0
9.689;0;0;0;24;20271;30.1;-76.7;25.3;0;0;0
9.702;6.266;0.26;1.26;24.1;20301;30.2;-76.5;25.5;0;0;0
9.739;0;0;0.07;24.1;20367;30.2;-75.8;25.4;0;0;0
9.768;2.651;0.11;0.63;24.1;20443;30.2;-75.8;25.7;0;0;0
9.788;0.241;0.01;0.09;24.1;20453;30.2;-75.5;25.6;0;0;0
9.798;7.471;0.31;1.47;24.1;20476;30.2;-76;26;0;0;0
9.829;0.241;0.01;0.14;24.1;20550;30.2;-76.8;25.7;0;0;0
9.86;2.41;0.1;0.59;24.1;20648;30.2;-76.7;25.9;0;0;0
9.874;0.24;0.01;0.04;24;20669;30.2;-76.9;25.8;0;0;0
9.89;3.872;0.16;0.98;24.2;20718;30.2;-77;26.3;0;0;0
9.924;0.242;0.01;0.08;24.2;20774;30.2;-77.3;26;0;0;0
9.953;2.42;0.1;0.52;24.2;20855;30.2;-77.4;26.3;0;0;0
9.968;0.482;0.02;0.13;24.1;20871;30.2;-77.3;26.1;0;0;0
9.985;4.114;0.17;0.85;24.2;20919;30.3;-78.4;26.5;0;0;0
10.016;0.241;0.01;0.09;24.1;20967;30.3;-79.9;26.2;0;0;0
10.047;2.904;0.12;0.66;24.2;21039;30.3;-80.4;26.3;0;0;0
10.062;0;0;0.06;24.1;21048;30.3;-80.8;26.4;0;0;0
10.078;5.808;0.24;1.17;24.2;21091;30.3;-81.4;26.6;0;0;0
10.109;0;0;0.06;24;21152;30.3;-82.6;26.4;0;0;0
10.14;2.662;0.11;0.55;24.2;21245;30.2;-82.6;26.7;0;0;0
10.155;0;0;0.03;24.1;21262;30.2;-81.9;26.6;0;0;0
10.171;4.82;0.2;1.1;24.1;21309;30.2;-81.3;26.9;0;0;0
10.209;0.242;0.01;0.08;24.2;21354;30.3;-80.5;26.7;0;0;0
10.24;2.892;0.12;0.64;24.1;21429;30.2;-79.5;26.9;0;0;0
10.249;0.482;0.02;0.08;24.1;21442;30.2;-79.6;26.8;0;0;0
10.269;0.242;0.01;0.1;24.2;21433;30.2;-80.3;26.7;0;0;0
10.301;0.964;0.04;0.21;24.1;21375;30.2;-80.6;26.7;0;0;0
10.328;4.579;0.19;0.9;24.1;21480;30.3;-81.4;27.2;0;0;0
10.349;0.241;0.01;0.07;24.1;21530;30.3;-82.4;27.1;0;0;0
10.358;7.744;0.32;1.5;24.2;21557;30.3;-82.5;27.4;0;0;0
10.39;0.24;0.01;0.14;24;21659;30.4;-82.6;27.2;0;0;0
10.421;2.41;0.1;0.56;24.1;21756;30.3;-82.5;27.3;0;0;0
10.436;0.241;0.01;0.08;24.1;21769;30.3;-82.8;27.3;0;0;0
10.452;4.8;0.2;1.01;24;21816;30.3;-83.1;27.5;0;0;0
10.488;0;0;0.05;24.1;21859;30.3;-84.2;27.3;0;0;0
10.52;2.662;0.11;0.59;24.2;21946;30.3;-84.3;27.5;0;0;0
10.529;0;0;0.04;24.1;21957;30.2;-84;27.6;0;0;0
10.545;4.08;0.17;0.91;24;22014;30.3;-84;27.8;0;0;0
10.577;0.241;0.01;0.09;24.1;22073;30.2;-84.7;27.5;0;0;0
10.609;2.178;0.09;0.5;24.2;22159;30.3;-85.2;27.8;0;0;0
10.625;0.241;0.01;0.09;24.1;22167;30.3;-83.9;27.6;0;0;0
10.641;4.8;0.2;0.97;24;22204;30.2;-83.4;28.1;0;0;0
10.672;0.241;0.01;0.08;24.1;22252;30.3;-81.4;27.8;0;0;0
10.705;2.41;0.1;0.51;24.1;22341;30.2;-80.6;28;0;0;0
10.717;0.482;0.02;0.04;24.1;22351;30.3;-80;27.9;0;0;0
10.737;4.114;0.17;0.78;24.2;22408;30.2;-79.5;28.2;0;0;0
10.769;0.241;0.01;0.07;24.1;22456;30.2;-79.3;28;0;0;0
10.8;2.651;0.11;0.56;24.1;22536;30.3;-78.9;28.3;0;0;0
10.816;0.241;0.01;0.11;24.1;22547;30.3;-78.7;28.1;0;0;0
10.827;7.26;0.3;1.24;24.2;22575;30.3;-78.7;28.5;0;0;0
10.858;0.242;0.01;0.1;24.2;22661;30.3;-78.7;28.4;0;0;0
10.889;2.41;0.1;0.47;24.1;22758;30.3;-78.2;28.6;0;0;0
10.908;0.484;0.02;0.12;24.2;22777;30.2;-78;28.4;0;0;0
10.929;3.133;0.13;0.62;24.1;22831;30.3;-77.8;28.8;0;0;0
10.96;0.241;0.01;0.07;24.1;22866;30.3;-78.1;28.5;0;0;0
10.989;2.892;0.12;0.59;24.1;22934;30.3;-78.2;28.8;0;0;0
10.998;0;0;0.13;24.1;22942;30.3;-78.2;28.8;0;0;0
11.018;0.242;0.01;0.06;24.2;22940;30.3;-78.1;28.6;0;0;0
11.049;0.482;0.02;0.14;24.1;22884;30.3;-78.6;28.5;0;0;0
11.078;4.338;0.18;0.86;24.1;22981;30.3;-78.7;29;0;0;0
11.098;0.242;0.01;0.08;24.2;23018;30.3;-78.7;28.9;0;0;0
11.108;7.953;0.33;1.52;24.1;23045;30.3;-79;29.3;0;0;0
11.149;0.242;0.01;0.12;24.2;23137;30.3;-78.9;28.9;0;0;0
11.18;2.892;0.12;0.55;24.1;23227;30.3;-79.3;29.2;0;0;0
11.19;0.482;0.02;0.03;24.1;23243;30.3;-79;29;0;0;0
11.209;3.63;0.15;0.7;24.2;23315;30.3;-78.8;29.5;0;0;0
11.239;0.482;0.02;0.08;24.1;23390;30.3;-78.8;29.3;0;0;0
11.265;2.169;0.09;0.46;24.1;23469;30.3;-78.7;29.6;0;0;0
11.28;0.241;0.01;0.04;24.1;23501;30.3;-78.9;29.5;0;0;0
11.296;3.374;0.14;0.67;24.1;23554;30.4;-78.9;29.7;0;0;0
11.328;0.242;0.01;0.1;24.2;23595;30.3;-78.6;29.5;0;0;0
11.359;2.41;0.1;0.46;24.1;23655;30.3;-78.8;29.7;0;0;0
11.377;0.241;0.01;0.04;24.1;23663;30.3;-78.6;29.6;0;0;0
11.391;5.543;0.23;1.06;24.1;23703;30.3;-78.4;29.9;0;0;0
11.425;0;0;0.05;24.1;23774;30.3;-78.2;29.8;0;0;0
11.457;2.169;0.09;0.48;24.1;23856;30.3;-78;30;0;0;0
11.468;0.482;0.02;0.07;24.1;23866;30.3;-78.1;29.8;0;0;0
11.488;3.615;0.15;0.66;24.1;23921;30.3;-78.1;30.1;0;0;0
11.518;0.241;0.01;0.06;24.1;23956;30.3;-78;30;0;0;0
11.549;2.892;0.12;0.52;24.1;24029;30.3;-78.3;30.1;0;0;0
11.568;0;0;0.05;24.1;24043;30.3;-78;30;0;0;0
11.579;8.194;0.34;1.27;24.1;24063;30.3;-78.1;30.3;0;0;0
11.61;0;0;0.12;24.1;24137;30.3;-78;30.3;0;0;0
11.649;2.178;0.09;0.43;24.2;24249;30.3;-78.2;30.5;0;0;0
11.666;0.48;0.02;0.08;24;24258;30.3;-77.9;30.3;0;0;0
11.673;8.194;0.34;1.31;24.1;24268;30.3;-77.7;30.8;0;0;0
11.709;0.482;0.02;0.18;24.1;24351;30.3;-76.8;30.6;0;0;0
11.739;2.662;0.11;0.45;24.2;24441;30.3;-76.5;30.7;0;0;0
11.748;0;0;0.03;24.1;24456;30.3;-76.2;30.8;0;0;0
11.769;0.48;0.02;0.09;24;24462;30.3;-75.8;30.4;0;0;0
11.799;0;0;0.05;24;24419;30.3;-78.8;30.3;0;0;0
11.829;3.615;0.15;0.66;24.1;24494;30.4;-80.1;30.8;0;0;0
11.848;0.48;0.02;0.1;24;24511;30.4;-80.5;30.7;0;0;0
11.859;8.47;0.35;1.34;24.2;24548;30.4;-80.8;30.9;0;0;0
11.899;0;0;0.09;24.2;24641;30.3;-82;30.9;0;0;0
11.929;2.662;0.11;0.49;24.2;24734;30.4;-82;31.3;0;0;0
11.939;0.482;0.02;0.04;24.1;24752;30.3;-82.4;31.1;0;0;0
11.958;3.63;0.15;0.67;24.2;24821;30.3;-82.7;31.3;0;0;0
11.985;0.242;0.01;0.08;24.2;24874;30.3;-82.5;31.1;0;0;0
12.016;2.169;0.09;0.4;24.1;24954;30.4;-83.5;31.2;0;0;0
12.032;0;0;0.06;24;24964;30.4;-83.8;31.2;0;0;0
12.049;4.338;0.18;0.84;24.1;25011;30.4;-84.4;31.5;0;0;0
12.081;0.241;0.01;0.06;24.1;25051;30.3;-84.9;31.5;0;0;0
12.109;2.892;0.12;0.54;24.1;25131;30.4;-85.5;31.6;0;0;0
12.128;0.241;0.01;0.1;24.1;25151;30.4;-85.4;31.5;0;0;0
12.145;4.579;0.19;0.74;24.1;25202;30.4;-85.6;31.8;0;0;0
12.177;0.241;0.01;0.1;24.1;25249;30.4;-85.3;31.6;0;0;0
12.209;2.64;0.11;0.51;24;25326;30.4;-85.5;31.8;0;0;0
12.218;0.241;0.01;0.05;24.1;25335;30.4;-85.3;31.8;0;0;0
12.239;4.114;0.17;0.67;24.2;25401;30.4;-85.8;32;0;0;0
12.269;0.241;0.01;0.07;24.1;25453;30.4;-85.2;31.9;0;0;0
12.299;2.892;0.12;0.48;24.1;25533;30.4;-86;32.1;0;0;0
12.32;0.241;0.01;0.09;24.1;25543;30.3;-85.9;31.8;0;0;0
12.329;8.676;0.36;1.32;24.1;25554;30.4;-86.2;32.4;0;0;0
12.359;0.482;0.02;0.18;24.1;25638;30.4;-85.9;32.2;0;0;0
12.4;1.928;0.08;0.37;24.1;25753;30.4;-86.1;32.3;0;0;0
12.408;0.484;0.02;0.09;24.2;25762;30.3;-85.2;32.2;0;0;0
12.429;3.374;0.14;0.56;24.1;25826;30.3;-83.5;32.6;0;0;0
12.459;0.241;0.01;0.09;24.1;25874;30.4;-82.5;32.5;0;0;0
12.49;2.662;0.11;0.48;24.2;25943;30.4;-81.1;32.6;0;0;0
12.499;0.242;0.01;0.04;24.2;25952;30.3;-80.8;32.6;0;0;0
12.518;0.241;0.01;0.08;24.1;25953;30.4;-80.4;32.5;0;0;0
12.549;0.241;0.01;0.03;24.1;25911;30.3;-79.3;32.2;0;0;0
12.578;4.097;0.17;0.7;24.1;25984;30.4;-81.1;32.7;0;0;0
12.599;0.482;0.02;0.06;24.1;26005;30.4;-81.3;32.5;0;0;0
12.61;7.953;0.33;1.23;24.1;26041;30.4;-81.9;32.9;0;0;0
12.641;0.239;0.01;0.09;23.9;26126;30.4;-82.5;32.8;0;0;0
12.674;2.662;0.11;0.49;24.2;26234;30.4;-83.5;33;0;0;0
12.688;0.726;0.03;0.13;24.2;26249;30.4;-84;32.8;0;0;0
12.705;4.84;0.2;0.84;24.2;26297;30.4;-84.5;33.1;0;0;0
12.736;0.241;0.01;0.08;24.1;26356;30.4;-84.7;33;0;0;0
12.768;2.651;0.11;0.47;24.1;26433;30.4;-85.7;33.2;0;0;0
12.779;0.241;0.01;0.03;24.1;26441;30.4;-85.6;33.1;0;0;0
12.798;3.84;0.16;0.72;24;26508;30.4;-85.6;33.6;0;0;0
12.829;0.242;0.01;0.08;24.2;26572;30.4;-86.7;33.4;0;0;0
12.86;2.42;0.1;0.42;24.2;26656;30.4;-87.5;33.4;0;0;0
12.878;0.241;0.01;0.06;24.1;26670;30.5;-87;33.3;0;0;0
12.896;4.356;0.18;0.74;24.2;26712;30.5;-86.3;33.6;0;0;0
12.931;0.241;0.01;0.07;24.1;26736;30.4;-84.9;33.5;0;0;0
12.96;3.374;0.14;0.53;24.1;26811;30.5;-84.6;33.7;0;0;0
12.968;0.482;0.02;0.16;24.1;26822;30.4;-84;33.6;0;0;0
12.988;3.615;0.15;0.68;24.1;26901;30.4;-82.8;34;0;0;0
13.018;0.48;0.02;0.08;24;26958;30.4;-81.3;33.7;0;0;0
13.05;2.662;0.11;0.43;24.2;27047;30.4;-80.7;34;0;0;0
13.068;0.242;0.01;0.09;24.2;27065;30.5;-80.2;33.9;0;0;0
13.079;6.748;0.28;1.11;24.1;27092;30.4;-79.9;34.1;0;0;0
13.11;0.241;0.01;0.07;24.1;27153;30.4;-79.4;34;0;0;0
13.14;2.651;0.11;0.47;24.1;27235;30.3;-78.6;34.1;0;0;0
13.158;0.242;0.01;0.06;24.2;27253;30.3;-78.3;34;0;0;0
13.179;3.615;0.15;0.62;24.1;27306;30.4;-78.2;34.4;0;0;0
13.209;0.242;0.01;0.07;24.2;27341;30.4;-78.1;34.2;0;0;0
13.239;3.146;0.13;0.53;24.2;27422;30.4;-77.7;34.4;0;0;0
13.25;0;0;0.05;24.1;27437;30.4;-77.8;34.4;0;0;0
13.264;0;0;0.08;24.1;27444;30.4;-77.8;34.3;0;0;0
13.296;0;0;0.03;24;27417;30.5;-77.5;34.3;0;0;0
13.328;3.615;0.15;0.57;24.1;27497;30.4;-77.4;34.6;0;0;0
13.345;0;0;0.07;24.1;27515;30.4;-77.3;34.6;0;0;0
13.36;6.989;0.29;1.14;24.1;27560;30.4;-77.8;34.8;0;0;0
13.39;0.24;0.01;0.05;24;27642;30.4;-77.9;34.7;0;0;0
13.424;2.41;0.1;0.38;24.1;27761;30.4;-77.7;34.8;0;0;0
13.443;0;0;0.02;24.2;27786;30.4;-77;34.8;0;0;0
13.457;5.061;0.21;0.76;24.1;27821;30.4;-76.3;35;0;0;0
13.488;0;0;0.04;24.2;27871;30.3;-75.8;35;0;0;0
13.52;2.662;0.11;0.39;24.2;27949;30.4;-75.5;35.1;0;0;0
13.529;0.24;0.01;0.05;24;27965;30.4;-75.6;35;0;0;0
13.548;3.6;0.15;0.6;24;28026;30.4;-75.9;35.2;0;0;0
13.579;0;0;0.05;24;28073;30.4;-76.5;35.2;0;0;0
13.61;2.41;0.1;0.42;24.1;28146;30.4;-76.5;35.4;0;0;0
13.628;0.241;0.01;0.06;24.1;28160;30.4;-76.5;35.3;0;0;0
13.649;3.856;0.16;0.62;24.1;28213;30.4;-76.7;35.5;0;0;0
13.681;0.48;0.02;0.08;24;28238;30.4;-76.4;35.2;0;0;0
13.709;3.374;0.14;0.55;24.1;28302;30.4;-76.8;35.5;0;0;0
13.719;0;0;0;24.1;28314;30.4;-77;35.5;0;0;0
13.739;4.598;0.19;0.74;24.2;28380;30.4;-77;35.8;0;0;0
13.77;0.241;0.01;0.04;24.1;28442;30.4;-77;35.6;0;0;0
13.8;2.651;0.11;0.45;24.1;28533;30.4;-77.1;35.9;0;0;0
13.818;0.241;0.01;0.04;24.1;28560;30.4;-76.6;35.8;0;0;0
13.829;6.776;0.28;1.07;24.2;28588;30.4;-76.3;36;0;0;0
13.86;0;0;0.03;24.2;28664;30.4;-76.1;36;0;0;0
13.899;1.928;0.08;0.3;24.1;28768;30.4;-75.7;36.1;0;0;0
13.909;0.484;0.02;0.14;24.2;28772;30.4;-76.1;36;0;0;0
13.929;4.097;0.17;0.59;24.1;28816;30.4;-76.2;36.1;0;0;0
13.959;0;0;0.03;24.1;28843;30.4;-76.6;36.2;0;0;0
13.984;3.615;0.15;0.54;24.1;28917;30.4;-77;36.4;0;0;0
13.998;0;0;0.06;24.1;28943;30.4;-77;36.4;0;0;0
14.016;0.24;0.01;0.06;24;28951;30.4;-76.6;36.2;0;0;0
14.049;0.241;0.01;0.04;24.1;28927;30.4;-76.1;36;0;0;0
14.079;3.615;0.15;0.56;24.1;28990;30.5;-78.5;36.4;0;0;0
14.096;0;0;0.04;24;29010;30.5;-79.5;36.5;0;0;0
14.109;7.986;0.33;1.12;24.2;29053;30.5;-80.3;36.5;0;0;0
14.14;0;0;0.03;24.1;29128;30.5;-82.3;36.6;0;0;0
14.171;2.892;0.12;0.46;24.1;29233;30.5;-83.1;36.8;0;0;0
14.187;0.242;0.01;0.07;24.2;29256;30.5;-83.4;36.7;0;0;0
14.204;4.114;0.17;0.63;24.2;29311;30.5;-84.2;37;0;0;0
14.238;0;0;0.04;24;29397;30.5;-84.4;37;0;0;0
14.268;2.169;0.09;0.3;24.1;29482;30.4;-82.1;37.1;0;0;0
14.283;0.484;0.02;0.07;24.2;29498;30.4;-81.9;36.9;0;0;0
14.299;3.856;0.16;0.59;24.1;29536;30.4;-81.2;37.1;0;0;0
14.329;0.241;0.01;0.08;24.1;29564;30.5;-80.7;37;0;0;0
14.359;2.904;0.12;0.44;24.2;29619;30.5;-79.7;37.2;0;0;0
14.377;0;0;0.03;24.1;29626;30.4;-79.5;37.2;0;0;0
14.389;8.435;0.35;1.23;24.1;29656;30.4;-79.1;37.4;0;0;0
14.426;0.241;0.01;0.06;24.1;29733;30.4;-78.9;37.3;0;0;0
14.457;3.12;0.13;0.43;24;29822;30.4;-79.1;37.5;0;0;0
14.468;0;0;0.04;24.1;29841;30.5;-78.9;37.5;0;0;0
14.488;3.872;0.16;0.58;24.2;29912;30.5;-78.2;37.8;0;0;0
14.519;0.241;0.01;0.05;24.1;29987;30.5;-77.7;37.6;0;0;0
14.549;2.169;0.09;0.35;24.1;30066;30.5;-77.5;37.8;0;0;0
14.567;0.24;0.01;0.08;24;30085;30.4;-77.2;37.6;0;0;0
14.579;6.05;0.25;0.92;24.2;30110;30.4;-76.9;37.8;0;0;0
14.611;0;0;0.04;24.1;30165;30.4;-76.2;37.8;0;0;0
14.641;2.4;0.1;0.39;24;30249;30.4;-76.4;38.1;0;0;0
14.657;0;0;0.06;24.2;30272;30.4;-76.4;38.1;0;0;0
14.672;4.82;0.2;0.64;24.1;30316;30.4;-76.7;38.2;0;0;0
14.704;0;0;0.05;24.1;30370;30.4;-76.6;38.2;0;0;0
14.737;2.662;0.11;0.37;24.2;30440;30.4;-76.6;38.3;0;0;0
14.748;0.241;0.01;0.06;24.1;30447;30.5;-76.6;38.2;0;0;0
14.768;0.241;0.01;0.07;24.1;30441;30.5;-76.2;38.1;0;0;0
14.8;0.241;0.01;0.04;24.1;30385;30.6;-77.8;37.9;0;0;0
14.83;4.338;0.18;0.63;24.1;30470;30.5;-79.2;38.3;0;0;0
14.848;0.241;0.01;0.07;24.1;30500;30.6;-80.1;38.2;0;0;0
14.859;8.194;0.34;1.19;24.1;30535;30.6;-80.5;38.6;0;0;0
14.897;0.242;0.01;0.06;24.2;30629;30.6;-81.6;38.4;0;0;0
14.928;2.651;0.11;0.42;24.1;30728;30.5;-80.5;38.6;0;0;0
14.938;0.242;0.01;0.1;24.2;30738;30.5;-80.1;38.5;0;0;0
14.959;3.856;0.16;0.61;24.1;30808;30.5;-79.5;38.8;0;0;0
14.99;0;0;0.04;24.1;30869;30.5;-79;38.7;0;0;0
15.019;2.64;0.11;0.38;24;30945;30.5;-78.7;38.9;0;0;0
15.038;0;0;0.05;24.1;30958;30.4;-78.5;38.9;0;0;0
15.049;8.954;0.37;1.18;24.2;30978;30.5;-78.8;38.9;0;0;0
15.08;0;0;0.04;24.1;31042;30.5;-78.3;39;0;0;0
15.109;2.904;0.12;0.45;24.2;31113;30.5;-77.8;39.1;0;0;0
15.128;0.24;0.01;0.05;24;31126;30.4;-77.8;39;0;0;0
15.14;8.435;0.35;1.12;24.1;31156;30.4;-77.6;39.3;0;0;0
15.179;0;0;0.04;24.1;31254;30.5;-77.8;39.3;0;0;0
15.209;2.41;0.1;0.35;24.1;31347;30.4;-77.4;39.5;0;0;0
15.219;0.241;0.01;0;24.1;31371;30.4;-77.4;39.5;0;0;0
15.239;3.133;0.13;0.44;24.1;31440;30.5;-77;39.6;0;0;0
15.268;0.242;0.01;0.08;24.2;31488;30.5;-77.1;39.5;0;0;0
15.297;2.42;0.1;0.38;24.2;31540;30.5;-78.9;39.6;0;0;0
15.312;0.241;0.01;0.04;24.1;31544;30.5;-80.2;39.6;0;0;0
15.329;5.302;0.22;0.73;24.1;31583;30.5;-81.3;39.9;0;0;0
15.359;0.482;0.02;0.08;24.1;31629;30.5;-83;39.7;0;0;0
15.392;2.64;0.11;0.41;24;31718;30.5;-83.5;39.8;0;0;0
15.408;0.482;0.02;0.11;24.1;31729;30.6;-83.2;39.6;0;0;0
15.424;5.061;0.21;0.74;24.1;31778;30.6;-83.8;40.1;0;0;0
15.456;0.484;0.02;0.09;24.2;31827;30.5;-85;39.8;0;0;0
15.489;3.133;0.13;0.44;24.1;31898;30.5;-84.6;40;0;0;0
15.499;0.241;0.01;0.08;24.1;31903;30.6;-84.7;40;0;0;0
15.519;0;0;0.02;24.2;31894;30.5;-83.4;39.9;0;0;0
15.55;0.482;0.02;0.08;24.1;31843;30.5;-82.2;39.8;0;0;0
15.579;5.302;0.22;0.72;24.1;31944;30.5;-81;40.3;0;0;0
15.6;0.482;0.02;0.1;24.1;31987;30.5;-80.4;40.1;0;0;0
15.608;10.56;0.44;1.35;24;32013;30.5;-80.4;40.6;0;0;0
15.649;0.482;0.02;0.1;24.1;32136;30.5;-78.7;40.4;0;0;0
15.68;2.651;0.11;0.42;24.1;32239;30.5;-77.8;40.7;0;0;0
15.688;0.726;0.03;0.09;24.2;32256;30.5;-77.8;40.5;0;0;0
15.708;3.615;0.15;0.52;24.1;32327;30.5;-78.2;40.7;0;0;0
15.739;0.241;0.01;0.06;24.1;32383;30.5;-77.6;40.6;0;0;0
15.769;2.42;0.1;0.36;24.2;32456;30.5;-77.5;40.8;0;0;0
15.78;-0.241;-0.01;-0.01;24.1;32472;30.5;-77.3;40.9;0;0;0
15.799;4.338;0.18;0.58;24.1;32522;30.5;-77.3;40.9;0;0;0
15.829;0;0;0.05;24.1;32553;30.5;-76.8;40.8;0;0;0
15.859;3.133;0.13;0.43;24.1;32613;30.5;-77.2;40.9;0;0;0
15.879;0.242;0.01;0.06;24.2;32617;30.5;-77.1;40.8;0;0;0
15.889;10.363;0.43;1.24;24.1;32636;30.5;-76.7;41.2;0;0;0
15.93;0.241;0.01;0.08;24.1;32724;30.5;-76.1;41;0;0;0
15.953;4.56;0.19;0.61;24;32786;30.5;-76;41.3;0;0;0
15.968;0.484;0.02;0.09;24.2;32805;30.5;-75.7;41.2;0;0;0
15.985;6.025;0.25;0.82;24.1;32862;30.5;-75.4;41.5;0;0;0
16.017;0.484;0.02;0.06;24.2;32929;30.5;-75.1;41.3;0;0;0
16.048;2.904;0.12;0.43;24.2;33021;30.5;-74.8;41.6;0;0;0
16.064;0.482;0.02;0.05;24.1;33043;30.5;-74.8;41.5;0;0;0
16.079;6.266;0.26;0.82;24.1;33085;30.5;-74.8;41.7;0;0;0
16.109;0;0;0.04;24.2;33140;30.5;-75.1;41.6;0;0;0
16.14;3.133;0.13;0.44;24.1;33225;30.5;-74.9;41.8;0;0;0
16.158;0;0;0.03;24.1;33249;30.5;-74.7;41.7;0;0;0
16.176;4.356;0.18;0.62;24.2;33309;30.6;-74.8;42.1;0;0;0
16.208;0.482;0.02;0.08;24.1;33364;30.5;-75;41.7;0;0;0
16.239;2.916;0.12;0.39;24.3;33431;30.5;-75.3;42.1;0;0;0
16.248;0.482;0.02;0.09;24.1;33442;30.5;-75.4;41.9;0;0;0
16.269;0;0;0.02;24.1;33448;30.6;-77.3;42;0;0;0
16.299;0.241;0.01;0.04;24.1;33412;30.6;-79.5;41.8;0;0;0
16.329;4.84;0.2;0.63;24.2;33483;30.6;-82;42;0;0;0
16.349;0;0;0.06;24.2;33507;30.6;-83;42;0;0;0
16.359;11.568;0.48;1.39;24.1;33528;30.6;-83.5;42.4;0;0;0
16.399;0.482;0.02;0.1;24.1;33614;30.6;-80.4;42.1;0;0;0
16.429;3.374;0.14;0.48;24.1;33703;30.5;-79.6;42.5;0;0;0
16.438;0.723;0.03;0.08;24.1;33719;30.5;-79.1;42.3;0;0;0
16.459;4.82;0.2;0.59;24.1;33792;30.5;-78.2;42.5;0;0;0
16.489;0.24;0.01;0.05;24;33851;30.5;-77.7;42.5;0;0;0
16.519;3.12;0.13;0.42;24;33936;30.5;-76.9;42.6;0;0;0
16.53;0.242;0.01;0.07;24.2;33949;30.5;-76.7;42.5;0;0;0
16.549;4.82;0.2;0.64;24.1;34005;30.5;-76.5;42.8;0;0;0
16.579;0.242;0.01;0.05;24.2;34050;30.5;-76.5;42.7;0;0;0
16.609;3.374;0.14;0.44;24.1;34112;30.5;-76.7;42.9;0;0;0
16.624;0;0;0.04;24.1;34123;30.5;-76.2;42.8;0;0;0
16.641;6.507;0.27;0.77;24.1;34171;30.5;-75.8;43.1;0;0;0
16.674;0.241;0.01;0.05;24.1;34229;30.5;-75.3;42.9;0;0;0
16.705;2.88;0.12;0.43;24;34328;30.6;-75.4;43.3;0;0;0
16.718;0.726;0.03;0.14;24.2;34351;30.6;-75.3;43.2;0;0;0
16.737;4.56;0.19;0.58;24;34410;30.5;-75.3;43.4;0;0;0
16.769;0;0;0.05;24.1;34463;30.6;-75.3;43.4;0;0;0
16.799;3.133;0.13;0.39;24.1;34535;30.6;-77.7;43.5;0;0;0
16.817;0.242;0.01;0.08;24.2;34557;30.6;-78.3;43.4;0;0;0
16.829;7.502;0.31;0.96;24.2;34589;30.6;-79.7;43.6;0;0;0
16.86;0;0;0.03;24.1;34664;30.6;-82.5;43.7;0;0;0
16.897;2.651;0.11;0.32;24.1;34761;30.7;-83.5;43.6;0;0;0
16.908;0;0;0.01;24.1;34772;30.6;-82.7;43.6;0;0;0
16.928;4.097;0.17;0.56;24.1;34820;30.6;-81.7;43.9;0;0;0
16.96;0.241;0.01;0.06;24.1;34852;30.6;-80.6;43.7;0;0;0
16.989;3.133;0.13;0.41;24.1;34917;30.5;-79.8;44;0;0;0
16.999;0.482;0.02;0.07;24.1;34931;30.5;-79.5;44;0;0;0
17.019;0.242;0.01;0.03;24.2;34949;30.6;-79.3;43.8;0;0;0
17.049;0;0;0.06;24.2;34946;30.6;-79.6;43.8;0;0;0
17.08;3.615;0.15;0.46;24.1;35003;30.6;-78.9;44;0;0;0
17.098;0.482;0.02;0.07;24.1;35016;30.5;-78.7;43.9;0;0;0
17.109;10.604;0.44;1.2;24.1;35041;30.5;-78.7;44.1;0;0;0
17.149;0.241;0.01;0.07;24.1;35129;30.5;-77.8;44.1;0;0;0
17.179;3.374;0.14;0.39;24.1;35214;30.6;-78.1;44.4;0;0;0
17.188;0.964;0.04;0.1;24.1;35229;30.6;-78.2;44.2;0;0;0
17.209;4.338;0.18;0.56;24.1;35295;30.6;-78.4;44.5;0;0;0
17.24;0.242;0.01;0.07;24.2;35346;30.5;-78.1;44.3;0;0;0
17.269;3.388;0.14;0.4;24.2;35422;30.6;-78;44.5;0;0;0
17.28;0.241;0.01;0.08;24.1;35431;30.6;-78;44.5;0;0;0
17.298;5.28;0.22;0.7;24;35487;30.5;-78;44.9;0;0;0
17.329;0.482;0.02;0.07;24.1;35550;30.5;-77.5;44.7;0;0;0
17.358;3.12;0.13;0.42;24;35619;30.6;-79.8;44.9;0;0;0
17.376;0.723;0.03;0.1;24.1;35630;30.6;-81.3;44.7;0;0;0
17.39;8.194;0.34;1.02;24.1;35663;30.6;-82.4;44.9;0;0;0
17.421;0;0;0;24.2;35737;30.6;-83.6;44.9;0;0;0
17.457;2.41;0.1;0.35;24.1;35851;30.7;-83.5;45.2;0;0;0
17.468;0.723;0.03;0.09;24.1;35867;30.7;-83.4;45.1;0;0;0
17.488;4.338;0.18;0.55;24.1;35923;30.7;-83.3;45.2;0;0;0
17.52;0;0;0.05;24.1;35967;30.6;-83.2;45.2;0;0;0
17.549;2.892;0.12;0.37;24.1;36046;30.7;-83.6;45.4;0;0;0
17.568;0.242;0.01;0.07;24.2;36068;30.7;-83.5;45.2;0;0;0
17.58;7.953;0.33;0.94;24.1;36094;30.7;-84;45.4;0;0;0
17.609;0;0;0.04;24.1;36142;30.6;-84;45.5;0;0;0
17.64;3.615;0.15;0.41;24.1;36221;30.6;-84.8;45.6;0;0;0
17.659;0;0;0.04;24.2;36233;30.6;-84.6;45.5;0;0;0
17.679;5.324;0.22;0.66;24.2;36288;30.6;-85.2;45.8;0;0;0
17.709;0.482;0.02;0.07;24.1;36333;30.7;-85.1;45.7;0;0;0
17.739;3.63;0.15;0.43;24.2;36413;30.6;-84.9;45.9;0;0;0
17.748;0;0;0.08;24.2;36428;30.6;-85;45.9;0;0;0
17.769;0.723;0.03;0.05;24.1;36436;30.6;-83;45.6;0;0;0
17.799;0;0;0.01;24.1;36410;30.6;-80.9;45.7;0;0;0
17.828;5.061;0.21;0.55;24.1;36481;30.6;-79.6;45.9;0;0;0
17.849;0.242;0.01;0.04;24.2;36508;30.6;-81.2;45.8;0;0;0
17.859;11.809;0.49;1.31;24.1;36530;30.6;-82;46.1;0;0;0
17.898;0.241;0.01;0.08;24.1;36625;30.6;-81.5;46;0;0;0
17.929;3.374;0.14;0.42;24.1;36723;30.6;-80.6;46.3;0;0;0
17.939;0.482;0.02;0.08;24.1;36742;30.7;-81.2;46.2;0;0;0
17.953;6.292;0.26;0.76;24.2;36789;30.7;-81.7;46.5;0;0;0
17.984;0.482;0.02;0.07;24.1;36859;30.6;-82.6;46.3;0;0;0
18.016;2.88;0.12;0.35;24;36940;30.7;-82.8;46.4;0;0;0
18.032;0;0;0.01;24.1;36955;30.6;-82.6;46.5;0;0;0
18.049;5.302;0.22;0.67;24.1;37002;30.7;-83;46.8;0;0;0
18.08;0.241;0.01;0.05;24.1;37061;30.7;-83.2;46.6;0;0;0
18.109;3.133;0.13;0.38;24.1;37136;30.6;-82.1;46.8;0;0;0
18.131;0.478;0.02;0.06;23.9;37151;30.6;-81.5;46.6;0;0;0
18.144;7.23;0.3;0.88;24.1;37185;30.6;-80.8;47;0;0;0
18.177;0;0;0.01;24.1;37261;30.6;-80.5;46.9;0;0;0
18.208;2.892;0.12;0.35;24.1;37358;30.6;-81.4;47;0;0;0
18.218;0;0;0.04;24.1;37370;30.6;-81.5;47;0;0;0
18.24;3.856;0.16;0.5;24.1;37429;30.6;-81.8;47.2;0;0;0
18.269;0.241;0.01;0.06;24.1;37455;30.6;-81.9;47;0;0;0
18.298;3.374;0.14;0.42;24.1;37522;30.7;-82.5;47.3;0;0;0
18.319;0.723;0.03;0.05;24.1;37542;30.6;-83;47.2;0;0;0
18.329;9.64;0.4;1.05;24.1;37564;30.7;-82.9;47.3;0;0;0
18.359;0.484;0.02;0.08;24.2;37635;30.6;-83.1;47.2;0;0;0
18.391;2.662;0.11;0.37;24.2;37735;30.6;-83.1;47.6;0;0;0
18.409;0.482;0.02;0.07;24.1;37758;30.6;-83.6;47.4;0;0;0
18.429;4.579;0.19;0.56;24.1;37810;30.6;-82.5;47.6;0;0;0
18.459;0.482;0.02;0.06;24.1;37840;30.6;-81.5;47.5;0;0;0
18.489;3.63;0.15;0.43;24.2;37915;30.6;-80.4;47.7;0;0;0
18.5;0.241;0.01;0.07;24.1;37926;30.6;-80.2;47.7;0;0;0
18.519;0.241;0.01;0.05;24.1;37931;30.6;-80.4;47.5;0;0;0
18.549;0;0;0.04;24.2;37896;30.6;-79.9;47.5;0;0;0
18.579;5.082;0.21;0.58;24.2;37978;30.7;-79.5;47.9;0;0;0
18.598;0.482;0.02;0.07;24.1;38009;30.6;-79.1;47.8;0;0;0
18.609;11.327;0.47;1.17;24.1;38040;30.6;-79.1;47.9;0;0;0
18.641;0;0;0.04;24.2;38116;30.7;-79.1;47.8;0;0;0
18.672;3.872;0.16;0.48;24.2;38206;30.6;-78.6;48.1;0;0;0
18.688;0.484;0.02;0.05;24.2;38223;30.6;-78.4;48;0;0;0
18.704;6.748;0.28;0.82;24.1;38269;30.6;-78.5;48.4;0;0;0
18.737;0.24;0.01;0.04;24;38325;30.7;-78.6;48.2;0;0;0
18.768;3.615;0.15;0.4;24.1;38427;30.7;-78.3;48.5;0;0;0
18.785;0.241;0.01;0.03;24.1;38458;30.6;-78.3;48.5;0;0;0
18.799;6.776;0.28;0.79;24.2;38502;30.6;-78.3;48.5;0;0;0
18.829;0;0;0.05;24.1;38561;30.6;-78.4;48.5;0;0;0
18.859;3.12;0.13;0.37;24;38634;30.6;-80.1;48.7;0;0;0
18.878;0.723;0.03;0.11;24.1;38653;30.7;-80.7;48.5;0;0;0
18.889;8.712;0.36;0.97;24.2;38678;30.7;-80.9;48.7;0;0;0
18.93;0;0;0.03;24.1;38764;30.7;-81.6;48.7;0;0;0
18.959;2.892;0.12;0.34;24.1;38845;30.6;-82.4;48.9;0;0;0
18.968;0;0;0.01;24.1;38859;30.6;-82.4;48.9;0;0;0
18.989;4.08;0.17;0.47;24;38922;30.7;-83.2;49.2;0;0;0
19.019;0.482;0.02;0.06;24.1;38962;30.6;-83.8;48.9;0;0;0
19.049;3.374;0.14;0.42;24.1;39025;30.6;-83.9;49;0;0;0
19.068;0;0;0.02;24.2;39028;30.6;-83.8;49;0;0;0
19.078;12.05;0.5;1.26;24.1;39053;30.6;-84.1;49.2;0;0;0
19.109;0;0;0.06;24.1;39126;30.7;-83.1;49.2;0;0;0
19.14;3.374;0.14;0.37;24.1;39228;30.6;-81.9;49.4;0;0;0
19.159;0;0;0.04;24.1;39266;30.6;-81.4;49.4;0;0;0
19.18;4.114;0.17;0.43;24.2;39330;30.6;-80.7;49.6;0;0;0
19.209;0.242;0.01;0.08;24.2;39378;30.7;-80.3;49.5;0;0;0
19.239;2.904;0.12;0.34;24.2;39449;30.7;-79.3;49.6;0;0;0
19.251;0;0;0.01;24.2;39462;30.7;-79.2;49.6;0;0;0
19.27;0.242;0.01;0.05;24.2;39464;30.6;-78.8;49.6;0;0;0
19.297;0;0;0.04;24.2;39442;30.7;-78.1;49.5;0;0;0
19.328;4.097;0.17;0.48;24.1;39493;30.7;-79.8;49.7;0;0;0
19.344;0.723;0.03;0.07;24.1;39499;30.7;-80.1;49.5;0;0;0
19.36;7.712;0.32;0.92;24.1;39547;30.7;-81;50;0;0;0
19.393;0.484;0.02;0.06;24.2;39616;30.7;-82.3;49.8;0;0;0
19.425;3.872;0.16;0.4;24.2;39699;30.7;-81.3;49.9;0;0;0
19.438;0;0;0.01;24.1;39713;30.7;-81.8;49.9;0;0;0
19.457;6.292;0.26;0.69;24.2;39772;30.7;-82.3;50.2;0;0;0
19.488;0.243;0.01;0.05;24.3;39829;30.7;-82.9;50.1;0;0;0
19.52;3.615;0.15;0.42;24.1;39915;30.7;-83.6;50.3;0;0;0
19.536;0;0;0.03;24.2;39942;30.7;-83.5;50.3;0;0;0
19.549;7.471;0.31;0.9;24.1;39984;30.7;-83.8;50.5;0;0;0
19.579;0.241;0.01;0.03;24.1;40060;30.8;-84.6;50.5;0;0;0
19.61;3.133;0.13;0.36;24.1;40137;30.7;-85.6;50.6;0;0;0
19.628;0;0;0.05;24.2;40156;30.7;-86.1;50.5;0;0;0
19.64;9.922;0.41;1.11;24.2;40184;30.7;-86.2;50.6;0;0;0
19.68;0;0;0.03;24.1;40255;30.7;-85.2;50.6;0;0;0
19.709;3.374;0.14;0.41;24.1;40329;30.7;-85.6;50.9;0;0;0
19.719;1.21;0.05;0.07;24.2;40343;30.7;-85.7;50.7;0;0;0
19.739;4.579;0.19;0.5;24.1;40405;30.7;-85.7;51.1;0;0;0
19.769;0.482;0.02;0.07;24.1;40447;30.7;-86;50.8;0;0;0
19.799;3.6;0.15;0.45;24;40511;30.8;-85.8;51;0;0;0
19.82;0;0;0.02;24.2;40516;30.7;-86.1;51;0;0;0
19.828;14.278;0.59;1.3;24.2;40533;30.7;-86.8;51.2;0;0;0
19.859;0.484;0.02;0.13;24.2;40606;30.7;-86.7;51;0;0;0
19.889;4.097;0.17;0.45;24.1;40698;30.8;-87.1;51.3;0;0;0
19.908;0.241;0.01;0.05;24.1;40725;30.8;-86.4;51.2;0;0;0
19.929;5.324;0.22;0.6;24.2;40785;30.8;-86.4;51.5;0;0;0
19.959;0.242;0.01;0.06;24.2;40834;30.8;-87.2;51.4;0;0;0
19.985;4.097;0.17;0.45;24.1;40913;30.7;-87.2;51.6;0;0;0
19.998;0.24;0.01;0.02;24;40938;30.7;-85.5;51.6;0;0;0
20.016;0.726;0.03;0.07;24.2;40951;30.7;-84;51.5;0;0;0
20.048;0;0;0.04;24.2;40931;30.7;-81.8;51.4;0;0;0
20.08;4.82;0.2;0.48;24.1;40983;30.7;-81.2;51.5;0;0;0
20.096;0.241;0.01;0.04;24.1;40990;30.7;-80.6;51.5;0;0;0
20.109;11.809;0.49;1.22;24.1;41027;30.7;-80.2;51.7;0;0;0
20.145;0;0;0.03;24.1;41119;30.7;-79.5;51.8;0;0;0
20.177;3.856;0.16;0.42;24.1;41210;30.7;-79.2;52.1;0;0;0
20.188;0.723;0.03;0.09;24.1;41227;30.7;-79;51.8;0;0;0
20.208;5.061;0.21;0.54;24.1;41297;30.7;-79.1;52.2;0;0;0
20.241;0.482;0.02;0.08;24.1;41368;30.7;-78.5;52.1;0;0;0
20.269;3.374;0.14;0.39;24.1;41439;30.7;-78.3;52.3;0;0;0
20.288;0.48;0.02;0.07;24;41459;30.7;-78.5;52.2;0;0;0
20.299;11.327;0.47;1.1;24.1;41479;30.7;-78.3;52.3;0;0;0
20.329;0;0;0.06;24;41531;30.7;-78.4;52.3;0;0;0
20.359;4.114;0.17;0.43;24.2;41616;30.7;-78.5;52.4;0;0;0
20.378;0;0;0.03;24.1;41633;30.7;-78.3;52.3;0;0;0
20.398;6.48;0.27;0.68;24;41684;30.7;-78.2;52.6;0;0;0
20.429;0.482;0.02;0.07;24.1;41721;30.7;-78.4;52.4;0;0;0
20.459;4.338;0.18;0.5;24.1;41797;30.7;-78.6;52.7;0;0;0
20.469;0.241;0.01;0.06;24.1;41810;30.7;-78.6;52.7;0;0;0
20.489;6.24;0.26;0.66;24;41878;30.7;-78.5;52.9;0;0;0
20.518;0.482;0.02;0.05;24.1;41935;30.7;-78.6;52.8;0;0;0
20.549;3.872;0.16;0.43;24.2;42012;30.7;-78.6;53;0;0;0
20.568;0.484;0.02;0.04;24.2;42033;30.7;-78.2;52.8;0;0;0
20.579;12.532;0.52;1.32;24.1;42059;30.7;-78.1;53;0;0;0
20.609;0;0;0.04;24.1;42120;30.7;-78.4;53;0;0;0
20.642;4.097;0.17;0.41;24.1;42218;30.7;-78.3;53.2;0;0;0
20.657;0;0;0.05;24.2;42238;30.7;-78.5;53.2;0;0;0
20.673;7.712;0.32;0.82;24.1;42281;30.7;-78.4;53.4;0;0;0
20.704;0.482;0.02;0.05;24.1;42333;30.7;-78.4;53.3;0;0;0
20.737;3.615;0.15;0.4;24.1;42418;30.7;-77.8;53.6;0;0;0
20.748;0.968;0.04;0.09;24.2;42436;30.7;-77.9;53.4;0;0;0
20.769;0;0;0.04;24.2;42441;30.7;-77.8;53.4;0;0;0
20.8;0.482;0.02;0.07;24.1;42407;30.7;-77.7;53.1;0;0;0
20.829;6.025;0.25;0.62;24.1;42466;30.7;-78.1;53.4;0;0;0
20.848;0.241;0.01;0.08;24.1;42475;30.7;-78.1;53.4;0;0;0
20.86;14.16;0.59;1.37;24;42507;30.7;-78;53.7;0;0;0
20.897;0.242;0.01;0.08;24.2;42597;30.8;-81.7;53.6;0;0;0
20.929;4.356;0.18;0.46;24.2;42700;30.8;-82.6;53.9;0;0;0
20.938;1.2;0.05;0.12;24;42714;30.8;-82.5;53.8;0;0;0
20.959;6;0.25;0.62;24;42787;30.8;-82.3;54.2;0;0;0
20.989;0.484;0.02;0.07;24.2;42830;30.7;-82.5;53.9;0;0;0
21.019;4.82;0.2;0.47;24.1;42905;30.7;-82.5;54.1;0;0;0
21.036;0.482;0.02;0.07;24.1;42921;30.7;-82.5;54;0;0;0
21.048;10.89;0.45;1.16;24.2;42956;30.7;-82.8;54.2;0;0;0
21.08;0.241;0.01;0.05;24.1;43026;30.7;-82.8;54.1;0;0;0
21.109;4.579;0.19;0.46;24.1;43111;30.7;-81.2;54.4;0;0;0
21.129;0.723;0.03;0.09;24.1;43124;30.7;-80;54.1;0;0;0
21.145;9.68;0.4;0.98;24.2;43163;30.7;-79;54.4;0;0;0
21.176;0.242;0.01;0.06;24.2;43203;30.7;-78.1;54.3;0;0;0
21.206;5.061;0.21;0.5;24.1;43288;30.7;-77.6;54.7;0;0;0
21.218;0.241;0.01;0.03;24.1;43305;30.8;-78.6;54.6;0;0;0
21.238;6.989;0.29;0.69;24.1;43378;30.8;-80.4;54.9;0;0;0
21.269;0.482;0.02;0.07;24.1;43431;30.8;-81.9;54.7;0;0;0
21.297;4.8;0.2;0.49;24;43508;30.8;-82.1;54.9;0;0;0
21.312;0.723;0.03;0.1;24.1;43526;30.8;-82.1;54.8;0;0;0
21.328;7.953;0.33;0.86;24.1;43579;30.7;-81.4;55.1;0;0;0
21.36;0.482;0.02;0.06;24.1;43638;30.7;-80.5;54.9;0;0;0
21.393;3.856;0.16;0.39;24.1;43725;30.7;-78.6;55.1;0;0;0
21.408;0;0;0.04;24.1;43734;30.8;-78.1;55.1;0;0;0
21.424;8.676;0.36;0.84;24.1;43781;30.8;-77.7;55.3;0;0;0
21.456;0.482;0.02;0.06;24.1;43823;30.8;-77.9;55.1;0;0;0
21.489;4.114;0.17;0.42;24.2;43907;30.8;-77.9;55.4;0;0;0
21.498;0.484;0.02;0.04;24.2;43919;30.8;-77.9;55.4;0;0;0
21.518;0.723;0.03;0.09;24.1;43922;30.7;-77.7;55.2;0;0;0
21.55;0.241;0.01;0.01;24.1;43872;30.7;-77.5;55;0;0;0
21.578;7.986;0.33;0.79;24.2;43950;30.8;-79.2;55.5;0;0;0
21.599;0.241;0.01;0.08;24.1;43975;30.8;-80.6;55.4;0;0;0
21.609;17.111;0.71;1.47;24.1;44008;30.8;-80.7;55.7;0;0;0
21.64;0.241;0.01;0.08;24.1;44100;30.8;-81.9;55.6;0;0;0
21.678;4.356;0.18;0.45;24.2;44215;30.7;-80.4;55.7;0;0;0
21.688;0;0;0.04;24.2;44221;30.7;-80.1;55.7;0;0;0
21.707;8.194;0.34;0.81;24.1;44275;30.8;-80.1;56.1;0;0;0
21.739;0.723;0.03;0.08;24.1;44302;30.7;-80;55.7;0;0;0
21.769;5.784;0.24;0.59;24.1;44389;30.7;-79.4;56;0;0;0
21.785;0.482;0.02;0.09;24.1;44406;30.7;-79.3;55.9;0;0;0
21.799;13.068;0.54;1.25;24.2;44449;30.7;-79.3;56;0;0;0
21.828;0;0;0.03;24.2;44509;30.7;-78.7;56;0;0;0
21.859;5.324;0.22;0.53;24.2;44605;30.8;-80.9;56.3;0;0;0
21.878;0.726;0.03;0.09;24.2;44618;30.8;-81.8;56.1;0;0;0
21.889;14.762;0.61;1.39;24.2;44649;30.8;-81.7;56.3;0;0;0
21.926;0.242;0.01;0.07;24.2;44717;30.8;-80.5;56.3;0;0;0
21.953;6.266;0.26;0.61;24.1;44789;30.8;-80.2;56.6;0;0;0
21.969;0.484;0.02;0.07;24.2;44804;30.7;-79.8;56.4;0;0;0
21.984;11.327;0.47;1.11;24.1;44854;30.8;-79.5;56.7;0;0;0
22.017;0.72;0.03;0.07;24;44897;30.7;-79.2;56.4;0;0;0
22.048;6.05;0.25;0.58;24.2;44985;30.8;-81;56.7;0;0;0
22.064;0.482;0.02;0.07;24.1;44996;30.8;-81.4;56.7;0;0;0
22.079;13.552;0.56;1.23;24.2;45041;30.8;-82.7;56.8;0;0;0
22.111;0.24;0.01;0.05;24;45108;30.9;-83.3;56.8;0;0;0
22.145;5.302;0.22;0.54;24.1;45204;30.8;-83.6;57;0;0;0
22.158;0.482;0.02;0.08;24.1;45211;30.8;-83.6;56.9;0;0;0
22.177;9.399;0.39;0.9;24.1;45271;30.8;-83.9;57.2;0;0;0
22.209;0.482;0.02;0.08;24.1;45306;30.8;-84.4;57.1;0;0;0
22.239;6.292;0.26;0.58;24.2;45394;30.8;-82.7;57.3;0;0;0
22.248;0.484;0.02;0.1;24.2;45406;30.8;-82.1;57.2;0;0;0
22.269;0.726;0.03;0.08;24.2;45403;30.8;-81.3;57;0;0;0
22.299;1.687;0.07;0.16;24.1;45354;30.8;-79.6;57.1;0;0;0
22.329;8.435;0.35;0.8;24.1;45456;30.8;-78.3;57.5;0;0;0
22.348;1.205;0.05;0.11;24.1;45474;30.8;-78.6;57.2;0;0;0
22.359;19.039;0.79;1.63;24.1;45505;30.8;-78.5;57.6;0;0;0
22.397;0.241;0.01;0.1;24.1;45603;30.8;-78.2;57.6;0;0;0
22.428;6.72;0.28;0.63;24;45690;30.7;-77.3;57.7;0;0;0
22.439;0.968;0.04;0.08;24.2;45703;30.7;-77;57.6;0;0;0
22.459;8.954;0.37;0.87;24.2;45775;30.8;-76.9;58;0;0;0
22.489;0.964;0.04;0.1;24.1;45808;30.7;-76.4;57.6;0;0;0
22.518;6.989;0.29;0.67;24.1;45889;30.8;-76.2;57.9;0;0;0
22.538;0.723;0.03;0.1;24.1;45897;30.8;-76.1;57.7;0;0;0
22.549;18.15;0.75;1.6;24.2;45924;30.8;-76.1;58.2;0;0;0
22.578;0.726;0.03;0.12;24.2;45989;30.8;-79.1;58;0;0;0
22.608;7.26;0.3;0.67;24.2;46081;30.8;-79;58.2;0;0;0
22.624;0.968;0.04;0.1;24.2;46087;30.8;-78.9;58;0;0;0
22.641;13.31;0.55;1.27;24.2;46145;30.8;-79;58.3;0;0;0
22.672;0.48;0.02;0.06;24;46190;30.8;-79;58.2;0;0;0
22.704;7.471;0.31;0.68;24.1;46284;30.8;-78.5;58.4;0;0;0
22.718;0.723;0.03;0.1;24.1;46290;30.8;-78.5;58.3;0;0;0
22.737;11.568;0.48;1.11;24.1;46353;30.8;-78.3;58.7;0;0;0
22.768;0.96;0.04;0.09;24;46393;30.7;-80.1;58.4;0;0;0
22.799;7.744;0.32;0.76;24.2;46485;30.9;-81.2;58.7;0;0;0
22.817;0;0;0.04;24.2;46494;30.9;-81.5;58.6;0;0;0
22.828;20.57;0.85;1.73;24.2;46524;30.9;-81.9;58.9;0;0;0
22.859;0.726;0.03;0.11;24.2;46586;30.9;-82.5;58.6;0;0;0
22.897;6.266;0.26;0.6;24.1;46690;30.9;-82.7;58.8;0;0;0
22.908;0.242;0.01;-0.02;24.2;46685;30.8;-82.9;58.9;0;0;0
22.928;12.05;0.5;1.07;24.1;46756;30.8;-83.2;59.2;0;0;0
22.96;0.726;0.03;0.05;24.2;46786;30.8;-83.9;58.9;0;0;0
22.989;8.88;0.37;0.82;24;46876;30.7;-83.7;59.2;0;0;0
22.998;1.21;0.05;0.16;24.2;46886;30.8;-83.4;59;0;0;0
23.018;1.687;0.07;0.13;24.1;46872;30.8;-83.3;59;0;0;0
23.049;4.356;0.18;0.43;24.2;46850;30.8;-83.3;59;0;0;0
23.079;9.399;0.39;0.84;24.1;46968;30.9;-84;59.4;0;0;0
23.098;0.726;0.03;0.09;24.2;46989;30.9;-83.6;59.3;0;0;0
23.108;23.232;0.96;1.92;24.2;47012;30.9;-83.5;59.6;0;0;0
23.14;0.964;0.04;0.18;24.1;47106;30.9;-84.3;59.4;0;0;0
23.179;6.05;0.25;0.55;24.2;47215;30.8;-85.4;59.5;0;0;0
23.188;0.729;0.03;0.11;24.3;47212;30.9;-85.4;59.4;0;0;0
23.209;10.89;0.45;0.98;24.2;47280;30.9;-85.1;60;0;0;0
23.24;0.964;0.04;0.08;24.1;47302;30.9;-85.1;59.5;0;0;0
23.268;9.438;0.39;0.83;24.2;47387;30.9;-85.2;59.8;0;0;0
23.288;0.48;0.02;0.05;24;47400;30.9;-85.1;59.9;0;0;0
23.296;26.62;1.1;2.01;24.2;47416;30.8;-84.4;60.1;0;0;0
23.328;1.458;0.06;0.22;24.3;47504;30.8;-82.1;59.9;0;0;0
23.358;7.471;0.31;0.65;24.1;47611;30.9;-83.1;60.2;0;0;0
23.377;0.964;0.04;0.09;24.1;47616;30.9;-83.9;60;0;0;0
23.389;19.118;0.79;1.6;24.2;47650;30.9;-84.3;60.3;0;0;0
23.425;0.242;0.01;0.08;24.2;47708;30.8;-82.2;60.2;0;0;0
23.456;8.435;0.35;0.75;24.1;47805;30.8;-83.4;60.4;0;0;0
23.469;0.72;0.03;0.09;24;47813;30.9;-83.9;60.2;0;0;0
23.489;11.809;0.49;1.07;24.1;47880;30.9;-84.1;60.5;0;0;0
23.521;0.972;0.04;0.1;24.3;47903;30.9;-84.5;60.3;0;0;0
23.549;9.399;0.39;0.86;24.1;47989;30.9;-85.4;60.7;0;0;0
23.569;0.484;0.02;0.09;24.2;48006;30.9;-84.7;60.6;0;0;0
23.578;24.926;1.03;1.97;24.2;48030;30.9;-84.1;60.9;0;0;0
23.609;1.205;0.05;0.19;24.1;48116;30.8;-82.4;60.7;0;0;0
23.64;7.23;0.3;0.66;24.1;48221;30.8;-81.4;60.9;0;0;0
23.66;0.723;0.03;0.09;24.1;48227;30.9;-81;60.6;0;0;0
23.681;11.086;0.46;0.98;24.1;48293;30.8;-80.3;61.1;0;0;0
23.709;0.482;0.02;0.09;24.1;48318;30.8;-79.8;60.9;0;0;0
23.739;8.917;0.37;0.79;24.1;48403;30.8;-79.6;61.2;0;0;0
23.748;1.694;0.07;0.17;24.2;48410;30.8;-79.5;61;0;0;0
23.769;1.928;0.08;0.17;24.1;48393;30.8;-79.2;61;0;0;0
23.8;4.356;0.18;0.44;24.2;48369;30.9;-79.1;61.1;0;0;0
23.829;10.604;0.44;0.92;24.1;48481;30.8;-78.7;61.2;0;0;0
23.848;0.242;0.01;0.05;24.2;48495;30.9;-79.9;61.2;0;0;0
23.859;23.859;0.99;1.92;24.1;48528;30.9;-80.4;61.5;0;0;0
23.899;0.968;0.04;0.14;24.2;48600;30.9;-82.2;61.3;0;0;0
23.929;9.84;0.41;0.87;24;48696;30.9;-82.6;61.5;0;0;0
23.938;0;0;0.03;24.1;48709;30.9;-82.6;61.5;0;0;0
23.953;16.32;0.68;1.42;24;48772;30.9;-82.4;61.6;0;0;0
23.984;0;0;0.03;24.1;48834;30.9;-83.2;61.7;0;0;0
24.016;7.68;0.32;0.69;24;48925;30.9;-83.9;61.8;0;0;0
24.032;0.726;0.03;0.1;24.2;48927;30.9;-83.7;61.7;0;0;0
24.048;15.424;0.64;1.32;24.1;48982;30.9;-84.4;62;0;0;0
24.08;0;0;0.04;24.1;49017;30.9;-85.5;61.9;0;0;0
24.109;9.881;0.41;0.85;24.1;49107;30.9;-85.5;62.2;0;0;0
24.128;0.241;0.01;0.05;24.1;49116;30.9;-85.4;62.1;0;0;0
24.139;24.1;1;1.92;24.1;49146;30.8;-84.4;62.3;0;0;0
24.176;0.968;0.04;0.12;24.2;49208;30.9;-84.3;62.1;0;0;0
24.209;8.4;0.35;0.75;24;49308;30.9;-84.6;62.3;0;0;0
24.218;1.452;0.06;0.1;24.2;49312;30.9;-84.9;62.1;0;0;0
24.239;12.291;0.51;1.08;24.1;49389;30.9;-83.8;62.5;0;0;0
24.269;1.21;0.05;0.11;24.2;49407;30.8;-81.9;62.2;0;0;0
24.3;9.64;0.4;0.82;24.1;49503;30.9;-80.4;62.5;0;0;0
24.318;1.205;0.05;0.13;24.1;49503;30.8;-79.9;62.5;0;0;0
24.329;25.064;1.04;1.93;24.1;49532;30.9;-79.8;62.8;0;0;0
24.359;1.446;0.06;0.19;24.1;49611;30.8;-79.1;62.5;0;0;0
24.39;8.505;0.35;0.77;24.3;49712;30.9;-79.1;62.8;0;0;0
24.409;0.964;0.04;0.08;24.1;49712;31;-79.9;62.7;0;0;0
24.429;14.701;0.61;1.25;24.1;49781;31;-80.8;63;0;0;0
24.459;1.205;0.05;0.14;24.1;49803;30.9;-82.8;62.8;0;0;0
24.489;9.64;0.4;0.82;24.1;49907;31;-82.6;63.1;0;0;0
24.498;0.968;0.04;0.14;24.2;49920;31;-82.6;63;0;0;0
24.52;1.928;0.08;0.19;24.1;49911;30.9;-83.2;63;0;0;0
24.55;5.302;0.22;0.47;24.1;49879;31;-83.4;62.9;0;0;0
24.579;11.374;0.47;0.95;24.2;49988;31;-83.7;63.3;0;0;0
24.598;0.482;0.02;0.06;24.1;50006;31;-83.4;63.2;0;0;0
24.609;25.305;1.05;1.9;24.1;50039;30.9;-83.8;63.4;0;0;0
24.641;1.2;0.05;0.18;24;50131;30.9;-81.6;63.2;0;0;0
24.672;7.712;0.32;0.67;24.1;50225;30.9;-83.5;63.5;0;0;0
24.688;0.96;0.04;0.06;24;50222;31;-83.5;63.4;0;0;0
24.705;17.834;0.74;1.51;24.1;50276;30.9;-83.8;63.7;0;0;0
24.738;0.964;0.04;0.09;24.1;50312;30.9;-84.9;63.5;0;0;0
24.768;9.84;0.41;0.82;24;50407;31;-85.3;63.7;0;0;0
24.779;1.44;0.06;0.14;24;50415;30.9;-85.6;63.6;0;0;0
24.8;13.31;0.55;1.16;24.2;50490;31;-85.1;64;0;0;0
24.829;0.723;0.03;0.06;24.1;50525;31;-85.4;63.9;0;0;0
24.859;9.922;0.41;0.84;24.2;50614;31;-85.5;64;0;0;0
24.878;1.21;0.05;0.13;24.2;50615;30.9;-84.9;63.9;0;0;0
24.889;25.168;1.04;1.92;24.2;50650;30.8;-83.8;64.1;0;0;0
24.929;0.723;0.03;0.13;24.1;50714;30.9;-80.9;64.1;0;0;0
24.96;9.64;0.4;0.81;24.1;50810;30.9;-79.9;64.3;0;0;0
24.968;1.694;0.07;0.2;24.2;50819;30.9;-79.7;64.2;0;0;0
24.989;11.858;0.49;1;24.2;50900;30.9;-79.5;64.6;0;0;0
25.019;1.205;0.05;0.12;24.1;50937;30.9;-78.9;64.2;0;0;0
25.049;8.712;0.36;0.75;24.2;51028;30.9;-80.4;64.6;0;0;0
25.069;0.482;0.02;0.06;24.1;51030;31;-81.7;64.5;0;0;0
25.079;28.798;1.19;2.08;24.2;51047;30.9;-82.1;64.7;0;0;0
25.109;1.687;0.07;0.25;24.1;51127;30.9;-83.7;64.5;0;0;0
25.14;8.435;0.35;0.72;24.1;51225;31;-83.4;64.8;0;0;0
25.159;0.723;0.03;0.06;24.1;51226;31;-83.5;64.8;0;0;0
25.18;14.337;0.59;1.17;24.3;51296;30.9;-83.8;65;0;0;0
25.209;1.21;0.05;0.1;24.2;51317;31;-84.1;64.8;0;0;0
25.239;9.438;0.39;0.79;24.2;51419;30.9;-84;65.1;0;0;0
25.248;1.2;0.05;0.18;24;51428;30.9;-83.6;65;0;0;0
25.266;2.41;0.1;0.18;24.1;51418;30.9;-82.7;64.8;0;0;0
25.297;5.543;0.23;0.46;24.1;51387;30.9;-81.9;64.9;0;0;0
25.329;9.922;0.41;0.82;24.2;51504;30.9;-81.3;65.2;0;0;0
25.344;0.241;0.01;0.03;24.1;51513;30.9;-81;65.2;0;0;0
25.359;19.844;0.82;1.61;24.2;51573;30.9;-80.4;65.3;0;0;0
25.394;0.242;0.01;0.03;24.2;51634;30.9;-80;65.3;0;0;0
25.421;10.406;0.43;0.85;24.2;51729;30.9;-79.6;65.5;0;0;0
25.436;0.484;0.02;0.09;24.2;51743;30.9;-79.4;65.4;0;0;0
25.457;11.616;0.48;0.95;24.2;51822;30.9;-79.2;65.7;0;0;0
25.483;0.964;0.04;0.11;24.1;51847;31;-79;65.6;0;0;0
25.515;8.712;0.36;0.73;24.2;51930;30.9;-77.9;65.6;0;0;0
25.53;0.968;0.04;0.09;24.2;51928;30.9;-77.5;65.6;0;0;0
25.546;18.075;0.75;1.44;24.1;51986;30.9;-77.1;65.9;0;0;0
25.579;0.241;0.01;0.03;24.1;52025;31;-79.5;65.9;0;0;0
25.609;9.64;0.4;0.81;24.1;52124;31;-81.5;66;0;0;0
25.623;2.169;0.09;0.19;24.1;52134;31;-82.2;65.7;0;0;0
25.641;15.488;0.64;1.27;24.2;52196;31;-82.3;66.1;0;0;0
25.681;1.687;0.07;0.16;24.1;52213;31;-83.4;65.9;0;0;0
25.708;12.05;0.5;0.96;24.1;52296;31;-84.7;66.2;0;0;0
25.717;-0.723;-0.03;-0.04;24.1;52303;31;-85.2;66.3;0;0;0
25.738;13.978;0.58;1.14;24.1;52394;31;-85.3;66.5;0;0;0
25.766;1.21;0.05;0.09;24.2;52419;31;-85.3;66.3;0;0;0
25.796;9.922;0.41;0.8;24.2;52516;31;-86.3;66.5;0;0;0
25.812;1.687;0.07;0.14;24.1;52516;30.9;-85.8;66.3;0;0;0
25.828;18.468;0.76;1.5;24.3;52579;30.9;-85.7;66.5;0;0;0
25.859;0.964;0.04;0.08;24.1;52616;30.9;-83.5;66.5;0;0;0
25.892;9.196;0.38;0.77;24.2;52714;30.9;-82.1;66.8;0;0;0
25.905;2.904;0.12;0.21;24.2;52712;31;-82.4;66.6;0;0;0
25.922;18.48;0.77;1.49;24;52776;30.9;-81.8;66.8;0;0;0
25.956;1.687;0.07;0.14;24.1;52811;30.9;-80.7;66.6;0;0;0
25.984;10.845;0.45;0.88;24.1;52903;30.9;-81.5;67;0;0;0
25.998;2.178;0.09;0.17;24.2;52909;31;-82.2;66.9;0;0;0
26.017;4.356;0.18;0.36;24.2;52901;31;-82.8;66.8;0;0;0
26.049;6.025;0.25;0.48;24.1;52888;31;-83.5;66.8;0;0;0
26.081;10.406;0.43;0.86;24.2;53011;31;-84;67.3;0;0;0
26.096;0.964;0.04;0.06;24.1;53022;30.9;-84;67.2;0;0;0
26.11;23.136;0.96;1.78;24.1;53070;30.9;-83.7;67.2;0;0;0
26.148;0.726;0.03;0.09;24.2;53131;30.9;-84;67.1;0;0;0
26.174;11.472;0.48;0.92;23.9;53215;31;-84.3;67.4;0;0;0
26.188;0.241;0.01;0.08;24.1;53226;31;-84.1;67.4;0;0;0
26.208;14.52;0.6;1.19;24.2;53304;31;-83;67.7;0;0;0
26.24;1.936;0.08;0.16;24.2;53325;30.9;-81.7;67.4;0;0;0
26.272;9.922;0.41;0.79;24.2;53424;30.9;-80.8;67.7;0;0;0
26.285;0.242;0.01;0.02;24.2;53427;31;-80.4;67.7;0;0;0
26.298;22.172;0.92;1.73;24.1;53473;30.9;-80.2;67.9;0;0;0
26.329;0.482;0.02;0.1;24.1;53536;30.9;-79.7;67.7;0;0;0
26.359;9.68;0.4;0.77;24.2;53631;30.9;-79.6;68;0;0;0
26.379;1.205;0.05;0.07;24.1;53633;31;-79.6;67.8;0;0;0
26.39;26.62;1.1;1.97;24.2;53664;30.9;-79.3;68.1;0;0;0
26.426;0.482;0.02;0.11;24.1;53736;30.9;-79.1;68.1;0;0;0
26.457;10.08;0.42;0.81;24;53834;31;-80.6;68.2;0;0;0
26.468;1.687;0.07;0.12;24.1;53841;31;-80.3;68.1;0;0;0
26.488;13.552;0.56;1.13;24.2;53913;31;-79.5;68.4;0;0;0
26.521;1.687;0.07;0.16;24.1;53930;31;-81.2;68.1;0;0;0
26.548;11.616;0.48;0.89;24.2;54012;31;-82.8;68.4;0;0;0
26.566;0.726;0.03;0.05;24.2;54021;31;-83.7;68.5;0;0;0
26.579;24.442;1.01;1.88;24.2;54071;31;-84.2;68.6;0;0;0
26.608;0.48;0.02;0.07;24;54135;31;-84.2;68.4;0;0;0
26.642;9.196;0.38;0.72;24.2;54237;30.9;-84.6;68.7;0;0;0
26.656;0.241;0.01;0.02;24.1;54238;30.9;-83.7;68.6;0;0;0
26.672;18.798;0.78;1.51;24.1;54295;30.9;-82.8;68.9;0;0;0
26.707;0.964;0.04;0.07;24.1;54332;31;-81;68.7;0;0;0
26.736;10.89;0.45;0.83;24.2;54421;31;-79.3;68.8;0;0;0
26.748;0;0;0.03;24.2;54425;31;-79.2;69;0;0;0
26.768;4.579;0.19;0.39;24.1;54411;31;-78.5;68.9;0;0;0
26.799;6.507;0.27;0.5;24.1;54392;30.9;-77.7;68.8;0;0;0
26.83;10.89;0.45;0.85;24.2;54508;30.9;-77.3;69.1;0;0;0
26.849;1.936;0.08;0.16;24.2;54515;30.9;-76.7;68.9;0;0;0
26.859;29.282;1.21;2;24.2;54540;31;-76.7;69.3;0;0;0
26.897;1.928;0.08;0.22;24.1;54621;30.9;-76.1;69.1;0;0;0
26.929;9.64;0.4;0.77;24.1;54723;30.9;-75.9;69.4;0;0;0
26.938;0;0;0.08;24.1;54729;30.9;-75.7;69.4;0;0;0
26.959;13.978;0.58;1.1;24.1;54813;30.9;-75.4;69.7;0;0;0
26.989;1.936;0.08;0.13;24.2;54832;31;-77.6;69.3;0;0;0
27.019;11.086;0.46;0.87;24.1;54919;31;-77.4;69.5;0;0;0
27.038;1.694;0.07;0.16;24.2;54919;31;-76.8;69.5;0;0;0
27.048;28.92;1.2;2;24.1;54948;30.9;-76.7;69.8;0;0;0
27.079;0.726;0.03;0.13;24.2;55021;31;-77.1;69.9;0;0;0
27.108;11.132;0.46;0.88;24.2;55121;31;-77.6;69.9;0;0;0
27.13;2.42;0.1;0.16;24.2;55125;31;-77.6;69.7;0;0;0
27.14;28.197;1.17;1.96;24.1;55151;31;-77.9;70;0;0;0
27.179;1.936;0.08;0.21;24.2;55218;31;-80.6;69.9;0;0;0
27.209;11.616;0.48;0.89;24.2;55316;31;-82.4;70.1;0;0;0
27.219;-0.968;-0.04;-0.06;24.2;55323;31;-82.6;70.2;0;0;0
27.239;15.424;0.64;1.17;24.1;55408;31;-83.6;70.4;0;0;0
27.269;1.21;0.05;0.1;24.2;55437;31;-83.5;70.1;0;0;0
27.296;12.393;0.51;0.95;24.3;55520;31;-82;70.4;0;0;0
27.315;1.687;0.07;0.17;24.1;55518;31;-81.6;70.3;0;0;0
27.328;25.064;1.04;1.83;24.1;55564;31;-81.4;70.5;0;0;0
27.36;0.726;0.03;0.12;24.2;55623;31;-82.9;70.5;0;0;0
27.393;9.922;0.41;0.78;24.2;55731;31;-83.2;70.7;0;0;0
27.408;1.21;0.05;0.08;24.2;55732;31;-83.4;70.5;0;0;0
27.424;20.003;0.83;1.52;24.1;55790;31.1;-83.4;70.7;0;0;0
27.457;0.964;0.04;0.09;24.1;55827;31;-83.7;70.7;0;0;0
27.489;10.648;0.44;0.81;24.2;55921;31;-83.7;70.9;0;0;0
27.498;1.205;0.05;0.12;24.1;55921;31;-83.8;70.9;0;0;0
27.519;5.302;0.22;0.41;24.1;55909;31;-83.3;70.7;0;0;0
27.55;6.507;0.27;0.51;24.1;55890;31;-83.7;70.8;0;0;0
27.58;12.48;0.52;0.95;24;56005;31.1;-83.2;71.1;0;0;0
27.598;2.42;0.1;0.2;24.2;56014;31;-83.8;70.9;0;0;0
27.609;28.556;1.18;1.94;24.2;56050;31;-83.8;71.2;0;0;0
27.65;1.928;0.08;0.2;24.1;56119;31.1;-83.9;71.1;0;0;0
27.679;12.05;0.5;0.91;24.1;56213;31.1;-84.3;71.4;0;0;0
27.689;0.242;0.01;0.05;24.2;56218;31.1;-84.3;71.3;0;0;0
27.709;16.94;0.7;1.27;24.2;56296;31;-84.2;71.6;0;0;0
27.739;1.928;0.08;0.13;24.1;56322;31.1;-84.4;71.3;0;0;0
27.769;11.664;0.48;0.86;24.3;56418;31.1;-84.6;71.5;0;0;0
27.779;0.484;0.02;0.07;24.2;56420;31;-85;71.5;0;0;0
27.799;15.972;0.66;1.2;24.2;56502;31;-83;71.8;0;0;0
27.829;2.41;0.1;0.18;24.1;56522;31;-81.1;71.5;0;0;0
27.859;11.327;0.47;0.86;24.1;56607;30.9;-79.4;71.8;0;0;0
27.879;4.598;0.19;0.35;24.2;56608;31;-78.5;71.7;0;0;0
27.89;31.46;1.3;2.14;24.2;56642;31.1;-79.3;72;0;0;0
27.927;1.694;0.07;0.19;24.2;56717;31;-79;71.9;0;0;0
27.953;13.31;0.55;1;24.2;56812;31;-78.5;72.3;0;0;0
27.969;1.2;0.05;0.08;24;56827;31;-78.4;72;0;0;0
27.984;21.449;0.89;1.63;24.1;56888;31;-78;72.3;0;0;0
28.017;1.205;0.05;0.08;24.1;56933;31;-77.9;72;0;0;0
28.048;11.132;0.46;0.83;24.2;57024;31;-78;72.2;0;0;0
28.064;2.651;0.11;0.22;24.1;57021;31;-78.1;72.3;0;0;0
28.079;24.442;1.01;1.71;24.2;57075;31;-78;72.3;0;0;0
28.109;1.21;0.05;0.11;24.2;57121;31;-78.3;72.3;0;0;0
28.144;9.72;0.4;0.71;24.3;57222;31;-78.4;72.7;0;0;0
28.158;5.061;0.21;0.35;24.1;57218;31;-78.3;72.5;0;0;0
28.176;19.762;0.82;1.47;24.1;57288;31;-78.7;72.7;0;0;0
28.21;1.936;0.08;0.15;24.2;57317;31;-78.4;72.7;0;0;0
28.24;11.809;0.49;0.88;24.1;57418;31;-77.5;72.8;0;0;0
28.248;0;0;0.02;24.2;57421;31;-77.4;72.9;0;0;0
28.269;6.507;0.27;0.46;24.1;57409;30.9;-76.5;72.7;0;0;0
28.299;8.228;0.34;0.59;24.2;57392;31;-76.4;72.6;0;0;0
28.329;12.584;0.52;0.92;24.2;57504;31;-76.4;73;0;0;0
28.348;3.402;0.14;0.26;24.3;57510;31;-76.6;72.9;0;0;0
28.359;32.776;1.36;2.16;24.1;57543;31;-76.8;73.3;0;0;0
28.398;2.169;0.09;0.22;24.1;57627;31;-80.6;73;0;0;0
28.428;11.858;0.49;0.88;24.2;57719;31.1;-81.7;73.3;0;0;0
28.438;2.41;0.1;0.18;24.1;57723;31;-82.5;73.2;0;0;0
28.46;15.004;0.62;1.12;24.2;57810;31;-83.3;73.5;0;0;0
28.489;3.872;0.16;0.27;24.2;57818;31;-84.5;73.2;0;0;0
28.519;12.291;0.51;0.93;24.1;57907;31.2;-85.1;73.6;0;0;0
28.534;5.04;0.21;0.36;24;57912;31.2;-85.3;73.4;0;0;0
28.549;24.926;1.03;1.77;24.2;57972;31.1;-85.1;73.6;0;0;0
28.578;1.936;0.08;0.19;24.2;58016;31.1;-85.1;73.5;0;0;0
28.609;11.616;0.48;0.86;24.2;58105;31.1;-85.8;74;0;0;0
28.624;6.292;0.26;0.43;24.2;58108;31.1;-85.8;73.8;0;0;0
28.641;21.538;0.89;1.55;24.2;58183;31.1;-85.7;73.9;0;0;0
28.672;2.178;0.09;0.17;24.2;58221;31;-82.8;73.7;0;0;0
28.706;12.291;0.51;0.9;24.1;58303;31;-81.2;74;0;0;0
28.718;5.808;0.24;0.45;24.2;58304;31;-80.7;73.9;0;0;0
28.736;21.296;0.88;1.59;24.2;58381;31;-80.1;74.2;0;0;0
28.77;3.615;0.15;0.25;24.1;58409;31.1;-81.8;74.1;0;0;0
28.799;13.31;0.55;0.98;24.2;58504;31.1;-82.1;74.5;0;0;0
28.817;5.324;0.22;0.38;24.2;58510;31.1;-83.6;74.4;0;0;0
28.829;31.46;1.3;2.07;24.2;58552;31.1;-83.7;74.5;0;0;0
28.858;2.169;0.09;0.25;24.1;58618;31.1;-83.9;74.3;0;0;0
28.897;11.04;0.46;0.78;24;58712;31.1;-85.7;74.5;0;0;0
28.908;6.266;0.26;0.45;24.1;58711;31.1;-86;74.4;0;0;0
28.928;18.876;0.78;1.41;24.2;58789;31.2;-85.8;74.7;0;0;0
28.959;5.324;0.22;0.36;24.2;58801;31.1;-85.6;74.6;0;0;0
28.989;14.52;0.6;1.02;24.2;58895;31.1;-85.8;74.9;0;0;0
28.998;7.23;0.3;0.54;24.1;58899;31.2;-85.5;74.7;0;0;0
29.018;8.47;0.35;0.59;24.2;58891;31.2;-85.2;74.7;0;0;0
29.049;10.648;0.44;0.74;24.2;58883;31;-83.8;74.7;0;0;0
29.079;13.978;0.58;0.97;24.1;58995;31.1;-84;75.2;0;0;0
29.098;6.534;0.27;0.47;24.2;59005;31.1;-84.8;74.8;0;0;0
29.109;34.704;1.44;2.28;24.1;59041;31.1;-84.6;75.1;0;0;0
29.149;5.324;0.22;0.42;24.2;59100;31.1;-85.6;74.9;0;0;0
29.178;13.737;0.57;0.99;24.1;59200;31.1;-85.9;75.4;0;0;0
29.188;7.26;0.3;0.56;24.2;59206;31.1;-86.2;75.2;0;0;0
29.209;19.762;0.82;1.39;24.1;59290;31.1;-86.3;75.3;0;0;0
29.239;4.82;0.2;0.36;24.1;59304;31.1;-86.3;75.4;0;0;0
29.269;16.456;0.68;1.15;24.2;59394;31;-83.5;75.5;0;0;0
29.289;6.989;0.29;0.5;24.1;59398;31;-82.3;75.4;0;0;0
29.296;39.524;1.64;2.38;24.1;59411;31;-81.9;76;0;0;0
29.329;7.502;0.31;0.6;24.2;59505;31;-79.9;75.4;0;0;0
29.358;14.64;0.61;1.05;24;59599;31;-79.5;75.7;0;0;0
29.376;8.4;0.35;0.58;24;59600;31;-78.7;75.6;0;0;0
29.392;26.378;1.09;1.84;24.2;59664;31;-78.2;75.9;0;0;0
29.425;5.566;0.23;0.39;24.2;59700;31;-77.4;75.7;0;0;0
29.457;15.665;0.65;1.09;24.1;59794;31;-76.5;75.9;0;0;0
29.47;9.438;0.39;0.66;24.2;59795;31.1;-77.4;75.9;0;0;0
29.488;24.24;1.01;1.7;24;59869;31.1;-78.5;76.1;0;0;0
29.518;7.018;0.29;0.48;24.2;59893;31.1;-80.8;76;0;0;0
29.549;17.352;0.72;1.19;24.1;59984;31.1;-80.2;76.2;0;0;0
29.568;10.604;0.44;0.68;24.1;59990;31;-79.8;76;0;0;0
29.579;37.752;1.56;2.41;24.2;60022;31;-79.6;76.4;0;0;0
29.609;6.507;0.27;0.53;24.1;60096;31;-78.4;76.2;0;0;0
29.64;15.972;0.66;1.1;24.2;60196;31.1;-77.8;76.4;0;0;0
29.658;10.164;0.42;0.66;24.2;60194;31;-77.5;76.4;0;0;0
29.678;21.931;0.91;1.54;24.1;60281;31.1;-78.7;76.8;0;0;0
29.71;8.712;0.36;0.57;24.2;60294;31;-78.2;76.4;0;0;0
29.739;17.593;0.73;1.23;24.1;60394;31;-77.6;76.8;0;0;0
29.748;7.986;0.33;0.54;24.2;60401;31;-77.3;76.7;0;0;0
29.769;11.132;0.46;0.74;24.2;60392;31;-76.9;76.7;0;0;0
29.799;13.255;0.55;0.85;24.1;60385;31.1;-76.4;76.7;0;0;0
29.828;17.666;0.73;1.23;24.2;60489;31.1;-76.1;76.9;0;0;0
29.848;10.648;0.44;0.7;24.2;60491;31.1;-75.8;76.8;0;0;0
29.858;41.693;1.73;2.62;24.1;60529;31.1;-77.1;76.9;0;0;0
29.899;7.986;0.33;0.59;24.2;60596;31.1;-80.3;76.9;0;0;0
29.928;19.36;0.8;1.28;24.2;60689;31.1;-82.1;77.1;0;0;0
29.938;7.986;0.33;0.57;24.2;60695;31.1;-82.7;77.1;0;0;0
29.959;21.69;0.9;1.48;24.1;60784;31.1;-83.7;77.5;0;0;0
29.984;9.196;0.38;0.58;24.2;60799;31.1;-84.5;77.2;0;0;0
30.016;17.908;0.74;1.22;24.2;60896;31.2;-84.1;77.3;0;0;0
30.032;10.89;0.45;0.7;24.2;60895;31.1;-84.2;77.4;0;0;0
30.048;29.402;1.22;2.01;24.1;60962;31.1;-84.4;77.7;0;0;0
30.08;9.84;0.41;0.64;24;60992;31.1;-85.2;77.3;0;0;0
30.109;18.392;0.76;1.23;24.2;61093;31.1;-86;77.8;0;0;0
30.129;12.291;0.51;0.79;24.1;61090;31.1;-86;77.7;0;0;0
30.144;33.88;1.4;2.18;24.2;61151;31.1;-86.4;77.9;0;0;0
30.176;8.676;0.36;0.6;24.1;61196;31.2;-85.9;77.7;0;0;0
30.21;19.844;0.82;1.3;24.2;61285;31.2;-85.8;77.8;0;0;0
30.218;13.255;0.55;0.85;24.1;61285;31.1;-85.1;77.8;0;0;0
30.239;25.546;1.06;1.72;24.1;61368;31.1;-83.6;78.2;0;0;0
30.269;12.584;0.52;0.79;24.2;61384;31.1;-82.2;77.8;0;0;0
30.299;20.967;0.87;1.39;24.1;61481;31.1;-83.5;78.2;0;0;0
30.319;13.978;0.58;0.88;24.1;61485;31.1;-83.5;78;0;0;0
30.329;44.77;1.85;2.66;24.2;61513;31.1;-83.5;78.3;0;0;0
30.359;10.406;0.43;0.81;24.2;61585;31.1;-84.3;78.3;0;0;0
30.4;19.118;0.79;1.24;24.2;61692;31.2;-84;78.2;0;0;0
30.408;14.036;0.58;0.95;24.2;61690;31.1;-83.6;78.3;0;0;0
30.429;25.064;1.04;1.7;24.1;61772;31.1;-82.6;78.9;0;0;0
30.459;13.496;0.56;0.86;24.1;61789;31.1;-81.6;78.4;0;0;0
30.489;22.748;0.94;1.48;24.2;61885;31.1;-80.3;78.5;0;0;0
30.498;12.532;0.52;0.83;24.1;61888;31.1;-79.9;78.6;0;0;0
30.518;16.94;0.7;1.04;24.2;61879;31;-79.1;78.4;0;0;0
30.55;18.15;0.75;1.16;24.2;61870;31.1;-78.2;78.7;0;0;0
30.579;24.582;1.02;1.65;24.1;61972;31.1;-77;78.7;0;0;0
30.599;13.552;0.56;0.9;24.2;61983;31.1;-77;78.8;0;0;0
30.609;45.254;1.87;2.74;24.2;62009;31.1;-77;79.2;0;0;0
30.641;12.773;0.53;0.97;24.1;62094;31.1;-76.3;78.8;0;0;0
30.672;21.78;0.9;1.45;24.2;62195;31.1;-76.3;78.9;0;0;0
30.688;16.629;0.69;1.09;24.1;62188;31;-76.1;78.6;0;0;0
30.704;32.053;1.33;2.13;24.1;62246;31.1;-75.9;79.4;0;0;0
30.737;13.978;0.58;0.94;24.1;62289;31.2;-77.6;79;0;0;0
30.769;21.78;0.9;1.45;24.2;62396;31.2;-79.7;79.2;0;0;0
30.779;15.004;0.62;0.94;24.2;62395;31.2;-80.4;79.1;0;0;0
30.8;29.524;1.22;1.87;24.2;62467;31.2;-81.5;79.6;0;0;0
30.83;13.978;0.58;0.87;24.1;62492;31.2;-82.1;79.4;0;0;0
30.859;22.99;0.95;1.51;24.2;62594;31.2;-83.1;79.6;0;0;0
30.878;15.004;0.62;0.94;24.2;62597;31.2;-83.5;79.5;0;0;0
30.889;45.308;1.88;2.76;24.1;62634;31.2;-83.6;79.6;0;0;0
30.929;12.826;0.53;0.87;24.2;62695;31.2;-83.8;79.6;0;0;0
30.96;23.474;0.97;1.53;24.2;62792;31.1;-84.5;79.8;0;0;0
30.969;12.342;0.51;0.84;24.2;62794;31.1;-84.5;79.9;0;0;0
30.989;29.04;1.2;1.85;24.2;62878;31.1;-84.6;80.2;0;0;0
31.018;15.246;0.63;0.96;24.2;62891;31.1;-84.5;80;0;0;0
31.049;25.41;1.05;1.62;24.2;62986;31.2;-84.9;80;0;0;0
31.068;17.908;0.74;1.09;24.2;62988;31.2;-85.2;79.8;0;0;0
31.079;44.286;1.83;2.73;24.2;63029;31.2;-84.7;80.3;0;0;0
31.109;12.584;0.52;0.87;24.2;63098;31.1;-82.8;80.1;0;0;0
31.147;21.78;0.9;1.4;24.2;63198;31.1;-80.5;80.3;0;0;0
31.158;18.634;0.77;1.12;24.2;63194;31.1;-79.9;80.3;0;0;0
31.177;31.571;1.31;2.06;24.1;63270;31.2;-81.5;80.6;0;0;0
31.21;16.388;0.68;1.01;24.1;63290;31.1;-83.7;80.4;0;0;0
31.239;24.823;1.03;1.6;24.1;63388;31.1;-82.3;80.9;0;0;0
31.248;19.118;0.79;1.08;24.2;63393;31.1;-81.7;80.5;0;0;0
31.265;18.392;0.76;1.1;24.2;63393;31.1;-81.1;80.5;0;0;0
31.297;20.086;0.83;1.25;24.2;63380;31.1;-80.2;80.6;0;0;0
31.329;25.41;1.05;1.6;24.2;63489;31.2;-82.1;80.8;0;0;0
31.344;17.424;0.72;1.03;24.2;63495;31.2;-82.4;80.7;0;0;0
31.358;39.283;1.63;2.51;24.1;63555;31.2;-82.6;80.9;0;0;0
31.389;13.978;0.58;0.87;24.1;63598;31.2;-83.6;80.8;0;0;0
31.424;23.618;0.98;1.53;24.1;63700;31.2;-84.5;81.1;0;0;0
31.44;19.118;0.79;1.1;24.2;63699;31.2;-83.8;80.9;0;0;0
31.457;35.574;1.47;2.3;24.2;63767;31.1;-82.7;81.2;0;0;0
31.488;15.665;0.65;0.96;24.1;63795;31.1;-81.2;81.2;0;0;0
31.52;24.582;1.02;1.58;24.1;63899;31.1;-80.2;81.4;0;0;0
31.536;18.075;0.75;1.09;24.1;63903;31.1;-79.9;81.1;0;0;0
31.549;43.38;1.8;2.66;24.1;63949;31.1;-80;81.5;0;0;0
31.579;14.52;0.6;0.92;24.2;63997;31.1;-79.6;81.4;0;0;0
31.609;26.862;1.11;1.69;24.2;64096;31.1;-79.4;81.6;0;0;0
31.629;18.316;0.76;1.06;24.1;64097;31.1;-79.1;81.4;0;0;0
31.64;50.61;2.1;3.01;24.1;64132;31.1;-79.2;81.6;0;0;0
31.68;15.004;0.62;0.98;24.2;64203;31.1;-78.7;81.7;0;0;0
31.709;25.652;1.06;1.61;24.2;64303;31.1;-78.2;81.9;0;0;0
31.718;19.118;0.79;1.12;24.2;64305;31.1;-78.3;81.7;0;0;0
31.739;29.766;1.23;1.9;24.2;64389;31.2;-78.3;82.2;0;0;0
31.769;17.01;0.7;1.01;24.3;64405;31.1;-79.7;81.9;0;0;0
31.799;27.104;1.12;1.7;24.2;64499;31.2;-81.4;82.1;0;0;0
31.818;19.36;0.8;1.13;24.2;64498;31.2;-81.7;81.9;0;0;0
31.828;51.574;2.14;3.03;24.1;64528;31.1;-81.8;82.4;0;0;0
31.859;15.488;0.64;1.04;24.2;64604;31.2;-81;82.1;0;0;0
31.899;24.2;1;1.49;24.2;64705;31.1;-80;82.5;0;0;0
31.908;20.57;0.85;1.21;24.2;64705;31.1;-79.8;82.3;0;0;0
31.929;30.848;1.28;1.96;24.1;64791;31.2;-79.5;82.6;0;0;0
31.959;17.908;0.74;1.07;24.2;64805;31.2;-79.3;82.4;0;0;0
31.985;29.161;1.21;1.81;24.1;64892;31.2;-80.8;82.8;0;0;0
31.999;18.798;0.78;1.09;24.1;64901;31.2;-81.8;82.6;0;0;0
32.016;21.78;0.9;1.28;24.2;64895;31.2;-82.7;82.5;0;0;0
32.049;22.895;0.95;1.35;24.1;64887;31.2;-83.2;82.6;0;0;0
32.079;28.314;1.17;1.74;24.2;64993;31.2;-83.7;82.8;0;0;0
32.096;19.762;0.82;1.16;24.1;65000;31.2;-84.5;82.6;0;0;0
32.109;48.4;2;2.84;24.2;65041;31.2;-85.1;82.9;0;0;0
32.145;16.94;0.7;1.04;24.2;65103;31.2;-85.6;82.8;0;0;0
32.177;26.62;1.1;1.66;24.2;65203;31.1;-85.1;83.1;0;0;0
32.188;19.844;0.82;1.13;24.2;65206;31.2;-85;83;0;0;0
32.208;33.88;1.4;2.09;24.2;65285;31.1;-84.9;83.3;0;0;0
32.239;18.392;0.76;1.07;24.2;65305;31.2;-82.8;83.1;0;0;0
32.269;27.346;1.13;1.69;24.2;65404;31.2;-81.2;83.3;0;0;0
32.289;19.602;0.81;1.15;24.2;65406;31.1;-80.4;83.3;0;0;0
32.3;52.756;2.18;3.01;24.2;65442;31.2;-80.1;83.3;0;0;0
32.329;14.762;0.61;0.98;24.2;65514;31.1;-78.7;83.4;0;0;0
32.359;26.136;1.08;1.62;24.2;65614;31.1;-77.7;83.8;0;0;0
32.378;19.28;0.8;1.12;24.1;65615;31.1;-77.7;83.6;0;0;0
32.39;49.368;2.04;2.86;24.2;65660;31.1;-77.3;83.6;0;0;0
32.43;16.629;0.69;1.02;24.1;65711;31.2;-77;83.6;0;0;0
32.459;27.83;1.15;1.72;24.2;65810;31.2;-79.2;84;0;0;0
32.469;18.96;0.79;1.07;24;65813;31.2;-79.8;83.8;0;0;0
32.489;32.535;1.35;2.05;24.1;65896;31.3;-80;84.2;0;0;0
32.519;17.666;0.73;1.01;24.2;65919;31.2;-81.5;83.9;0;0;0
32.549;27.83;1.15;1.66;24.2;66008;31.2;-82.4;84.3;0;0;0
32.568;21.296;0.88;1.22;24.2;66010;31.3;-83;83.9;0;0;0
32.579;52.514;2.17;2.99;24.2;66045;31.3;-83.3;84.2;0;0;0
32.609;14.762;0.61;0.96;24.2;66120;31.2;-84.7;84.2;0;0;0
32.641;24.926;1.03;1.53;24.2;66225;31.2;-85.3;84.5;0;0;0
32.656;19.44;0.81;1.12;24;66224;31.2;-85.5;84.3;0;0;0
32.673;37.837;1.57;2.32;24.1;66296;31.2;-83.8;84.5;0;0;0
32.707;15.906;0.66;0.93;24.1;66324;31.1;-81.5;84.5;0;0;0
32.737;26.751;1.11;1.63;24.1;66421;31.3;-83;84.8;0;0;0
32.748;17.424;0.72;1.01;24.2;66428;31.3;-83.3;84.6;0;0;0
32.769;20.086;0.83;1.17;24.2;66422;31.2;-83.8;84.6;0;0;0
32.799;22.264;0.92;1.26;24.2;66410;31.2;-83.7;84.6;0;0;0
32.83;26.751;1.11;1.65;24.1;66517;31.2;-84;84.9;0;0;0
32.848;18.634;0.77;1.05;24.2;66523;31.2;-84;84.8;0;0;0
32.859;50.82;2.1;2.92;24.2;66563;31.2;-83.9;84.9;0;0;0
32.89;14.278;0.59;0.92;24.2;66629;31.2;-83.4;84.9;0;0;0
32.926;24.684;1.02;1.47;24.2;66730;31.2;-84;85.1;0;0;0
32.939;18.557;0.77;1.08;24.1;66728;31.2;-84.3;85.1;0;0;0
32.956;36.3;1.5;2.23;24.2;66803;31.2;-84;85.4;0;0;0
32.987;16.629;0.69;0.95;24.1;66825;31.1;-84;85.1;0;0;0
33.018;27.104;1.12;1.64;24.2;66920;31.2;-82.6;85.4;0;0;0
33.029;18.15;0.75;1.03;24.2;66924;31.2;-82.7;85.3;0;0;0
33.05;31.46;1.3;1.96;24.2;67009;31.2;-83.2;85.7;0;0;0
33.079;16.87;0.7;0.95;24.1;67032;31.3;-83.3;85.5;0;0;0
33.11;25.546;1.06;1.57;24.1;67133;31.2;-83.4;85.7;0;0;0
33.128;17.908;0.74;1.02;24.2;67133;31.1;-82.1;85.6;0;0;0
33.139;51.092;2.12;2.88;24.1;67167;31.1;-81.4;85.8;0;0;0
33.176;15.183;0.63;0.95;24.1;67231;31.1;-79.9;85.7;0;0;0
33.207;26.136;1.08;1.59;24.2;67326;31.2;-79;85.9;0;0;0
33.218;17.908;0.74;1;24.2;67330;31.2;-78.9;85.9;0;0;0
33.237;32.67;1.35;2.07;24.2;67415;31.2;-78.3;86.4;0;0;0
33.269;17.352;0.72;0.95;24.1;67428;31.2;-79.9;86;0;0;0
33.297;27.233;1.13;1.67;24.1;67525;31.3;-81.2;86.3;0;0;0
33.312;17.908;0.74;1;24.2;67532;31.2;-81.6;86.1;0;0;0
33.328;38.319;1.59;2.3;24.1;67599;31.3;-82.8;86.4;0;0;0
33.36;16.214;0.67;0.92;24.2;67626;31.3;-84;86.3;0;0;0
33.39;26.378;1.09;1.61;24.2;67729;31.2;-81.8;86.4;0;0;0
33.408;18.24;0.76;1.02;24;67728;31.1;-80.6;86.5;0;0;0
33.424;41.14;1.7;2.46;24.2;67795;31.2;-79.7;86.5;0;0;0
33.457;14.278;0.59;0.84;24.2;67833;31.2;-78.4;86.6;0;0;0
33.488;26.51;1.1;1.61;24.1;67924;31.2;-77.6;86.8;0;0;0
33.498;20.726;0.86;1.13;24.1;67926;31.2;-77.4;86.7;0;0;0
33.519;21.208;0.88;1.19;24.1;67919;31.2;-77;86.6;0;0;0
33.55;22.413;0.93;1.26;24.1;67912;31.2;-80.1;86.7;0;0;0
33.579;25.68;1.07;1.59;24;68030;31.2;-81.8;87;0;0;0
33.6;16.147;0.67;0.9;24.1;68042;31.3;-82.2;86.8;0;0;0
33.608;55.671;2.31;2.96;24.1;68064;31.2;-81.9;87.1;0;0;0
33.646;16.388;0.68;1.05;24.1;68132;31.2;-80.9;87;0;0;0
33.677;26.136;1.08;1.57;24.2;68230;31.2;-80.2;87.1;0;0;0
33.688;18.15;0.75;1.02;24.2;68230;31.2;-80;87;0;0;0
33.708;34.122;1.41;2.1;24.2;68308;31.2;-79.5;87.4;0;0;0
33.738;17.111;0.71;0.93;24.1;68327;31.2;-78.9;87.1;0;0;0
33.769;25.787;1.07;1.59;24.1;68427;31.2;-78.4;87.5;0;0;0
33.786;19.844;0.82;1.08;24.2;68428;31.2;-78.3;87.4;0;0;0
33.798;47.959;1.99;2.72;24.1;68479;31.2;-78.3;87.4;0;0;0
33.829;13.978;0.58;0.88;24.1;68530;31.2;-78.1;87.4;0;0;0
33.859;25.168;1.04;1.52;24.2;68631;31.2;-78.5;87.8;0;0;0
33.879;19.118;0.79;1.06;24.2;68635;31.2;-78.3;87.5;0;0;0
33.896;36.542;1.51;2.22;24.2;68710;31.2;-78;87.9;0;0;0
33.928;15.795;0.65;0.88;24.3;68727;31.2;-77.7;87.7;0;0;0
33.958;26.028;1.08;1.58;24.1;68830;31.2;-78;88;0;0;0
33.968;18.634;0.77;1.02;24.2;68832;31.2;-77.8;87.9;0;0;0
33.985;38.078;1.58;2.35;24.1;68909;31.2;-77.6;88.1;0;0;0
34.018;15.246;0.63;0.87;24.2;68933;31.2;-77.5;88;0;0;0
34.048;25.168;1.04;1.54;24.2;69033;31.2;-77.6;88.4;0;0;0
34.064;19.602;0.81;1.05;24.2;69036;31.2;-77.5;88.1;0;0;0
34.079;41.866;1.73;2.39;24.2;69098;31.2;-77.7;88.3;0;0;0
34.108;13.014;0.54;0.82;24.1;69136;31.2;-76.9;88.3;0;0;0
34.147;24;1;1.44;24;69236;31.3;-80.5;88.5;0;0;0
34.158;19.521;0.81;1.08;24.1;69232;31.3;-81;88.4;0;0;0
34.177;37.596;1.56;2.3;24.1;69307;31.2;-82.2;88.6;0;0;0
34.209;15.488;0.64;0.87;24.2;69331;31.3;-83.6;88.5;0;0;0
34.24;25.41;1.05;1.54;24.2;69434;31.3;-84.5;88.8;0;0;0
34.249;18.876;0.78;1.02;24.2;69433;31.2;-84.8;88.8;0;0;0
34.268;20.485;0.85;1.13;24.1;69427;31.3;-85;88.7;0;0;0
34.299;21.449;0.89;1.18;24.1;69418;31.3;-84.9;88.7;0;0;0
34.329;26.51;1.1;1.6;24.1;69524;31.2;-84;89;0;0;0
34.348;20.328;0.84;1.1;24.2;69524;31.2;-83.7;88.9;0;0;0
34.36;51.092;2.12;2.75;24.1;69563;31.3;-84.1;89;0;0;0
34.39;14.46;0.6;0.94;24.1;69624;31.3;-84.3;89;0;0;0
34.429;24.442;1.01;1.47;24.2;69727;31.3;-85.3;89.2;0;0;0
34.439;22.172;0.92;1.2;24.1;69722;31.3;-85.2;89.1;0;0;0
34.459;35.668;1.48;2.19;24.1;69809;31.2;-85.6;89.3;0;0;0
34.489;16.94;0.7;0.93;24.2;69824;31.3;-85;89.3;0;0;0
34.518;25.168;1.04;1.55;24.2;69931;31.3;-85.4;89.6;0;0;0
34.537;20.244;0.84;1.09;24.1;69930;31.3;-85.1;89.5;0;0;0
34.548;51.062;2.11;2.73;24.2;69971;31.3;-84.9;89.6;0;0;0
34.579;13.255;0.55;0.89;24.1;70034;31.2;-84.5;89.6;0;0;0
34.609;25.41;1.05;1.57;24.2;70136;31.2;-83.9;89.8;0;0;0
34.624;19.039;0.79;1.02;24.1;70135;31.3;-83.7;89.7;0;0;0
34.641;39.204;1.62;2.33;24.2;70211;31.2;-83.5;89.8;0;0;0
34.673;14.036;0.58;0.81;24.2;70238;31.3;-83.6;89.8;0;0;0
34.705;24.341;1.01;1.48;24.1;70337;31.3;-84.2;90.1;0;0;0
34.718;20.4;0.85;1.09;24;70336;31.3;-84.7;89.8;0;0;0
34.736;35.668;1.48;2.15;24.1;70417;31.3;-85.3;90.1;0;0;0
34.768;15.246;0.63;0.86;24.2;70433;31.3;-85.9;90;0;0;0
34.799;24.684;1.02;1.5;24.2;70539;31.3;-86.3;90.3;0;0;0
34.816;19.36;0.8;1.03;24.2;70534;31.3;-86.4;90.2;0;0;0
34.829;46.754;1.94;2.6;24.1;70590;31.2;-86.4;90.3;0;0;0
34.86;12.826;0.53;0.84;24.2;70635;31.3;-86.6;90.4;0;0;0
34.889;24.341;1.01;1.52;24.1;70740;31.3;-86.9;90.6;0;0;0
34.908;20.086;0.83;1.07;24.2;70733;31.3;-87.4;90.4;0;0;0
34.929;33.017;1.37;2.04;24.1;70830;31.2;-86;90.5;0;0;0
34.96;14.46;0.6;0.79;24.1;70838;31.2;-84.1;90.7;0;0;0
34.989;24.1;1;1.51;24.1;70943;31.3;-82.2;91;0;0;0
34.998;17.593;0.73;0.92;24.1;70939;31.3;-82;90.8;0;0;0
35.019;19.926;0.82;1.05;24.3;70937;31.2;-81.1;90.7;0;0;0
35.049;20.812;0.86;1.11;24.2;70923;31.3;-80.4;90.8;0;0;0
35.08;24.582;1.02;1.53;24.1;71031;31.3;-79.5;91;0;0;0
35.098;21.538;0.89;1.13;24.2;71024;31.3;-79.4;90.9;0;0;0
35.109;51.546;2.13;2.79;24.2;71068;31.2;-79.4;91.2;0;0;0
35.146;15.552;0.64;1;24.3;71124;31.3;-79.2;91;0;0;0
35.176;24.684;1.02;1.55;24.2;71231;31.3;-79;91.3;0;0;0
35.188;21.296;0.88;1.09;24.2;71226;31.3;-79.6;91.2;0;0;0
35.208;35.332;1.46;2.23;24.2;71325;31.3;-80.7;91.1;0;0;0
35.239;14.52;0.6;0.83;24.2;71333;31.3;-82.6;91.4;0;0;0
35.269;23.958;0.99;1.52;24.2;71436;31.3;-84.1;91.7;0;0;0
35.281;21.716;0.89;1.13;24.4;71428;31.3;-84.6;91.4;0;0;0
35.296;43.2;1.8;2.49;24;71502;31.3;-84.5;91.5;0;0;0
35.328;13.014;0.54;0.83;24.1;71529;31.3;-84.4;91.6;0;0;0
35.359;24.745;1.01;1.53;24.5;71634;31.2;-82.2;91.8;0;0;0
35.376;22.05;0.9;1.15;24.5;71627;31.3;-81.6;91.6;0;0;0
35.393;40.172;1.66;2.34;24.2;71713;31.2;-81;91.6;0;0;0
35.426;14.036;0.58;0.87;24.2;71726;31.3;-81.6;91.9;0;0;0
35.461;23.136;0.96;1.46;24.1;71833;31.3;-83.5;92.1;0;0;0
35.469;22.172;0.92;1.16;24.1;71829;31.3;-83.7;92;0;0;0
35.489;35.916;1.46;2.23;24.6;71935;31.3;-83.7;91.8;0;0;0
35.52;14.21;0.58;0.8;24.5;71932;31.3;-82;92.1;0;0;0
35.549;23.232;0.96;1.47;24.2;72042;31.3;-80.8;92.3;0;0;0
35.566;20.74;0.85;1.08;24.4;72031;31.3;-80.5;92.3;0;0;0
35.579;47.19;1.95;2.61;24.2;72093;31.2;-80.2;92.4;0;0;0
35.608;11.374;0.47;0.85;24.2;72132;31.3;-79.6;92.5;0;0;0
35.64;23.474;0.97;1.49;24.2;72242;31.3;-78.9;92.6;0;0;0
35.658;22.172;0.92;1.17;24.1;72227;31.3;-78.9;92.5;0;0;0
35.677;38.078;1.58;2.28;24.1;72318;31.3;-79;92.4;0;0;0
35.709;17.28;0.72;1.06;24;72310;31.3;-78.6;92.7;0;0;0
35.739;26.269;1.09;1.74;24.1;72425;31.3;-78.2;92.8;0;0;0
35.748;18.798;0.78;0.98;24.1;72416;31.3;-78.3;93;0;0;0
35.769;23.377;0.97;1.23;24.1;72417;31.3;-78.1;92.8;0;0;0
35.799;22.356;0.92;1.16;24.3;72410;31.2;-78.2;92.7;0;0;0
35.83;25.064;1.04;1.62;24.1;72529;31.3;-80.6;92.9;0;0;0
35.847;22.842;0.94;1.19;24.3;72514;31.3;-81.3;92.9;0;0;0
35.859;51.484;2.11;2.77;24.4;72567;31.3;-81.3;93.5;0;0;0
35.895;15.86;0.65;1.05;24.4;72615;31.4;-83.5;93;0;0;0
35.925;25.787;1.07;1.74;24.1;72730;31.4;-83.8;93.3;0;0;0
35.938;21.538;0.89;1.08;24.2;72711;31.4;-84.1;93.4;0;0;0
35.952;49.368;2.04;2.75;24.2;72780;31.3;-83.2;93.5;0;0;0
35.985;14.036;0.58;1.03;24.2;72815;31.3;-81.2;93.4;0;0;0
36.017;25.168;1.04;1.7;24.2;72931;31.2;-79.7;93.4;0;0;0
36.032;24.1;1;1.26;24.1;72910;31.3;-79.5;93.6;0;0;0
36.048;44.712;1.84;2.52;24.3;73002;31.3;-80.7;93.5;0;0;0
36.08;14.036;0.58;0.83;24.2;73017;31.3;-81.3;93.8;0;0;0
36.109;24.96;1.04;1.57;24;73134;31.3;-82.6;93.7;0;0;0
36.129;24.582;1.02;1.28;24.1;73109;31.4;-82.8;93.8;0;0;0
36.144;43.802;1.81;2.42;24.2;73188;31.4;-82.7;93.9;0;0;0
36.177;16.698;0.69;1.14;24.2;73204;31.3;-83;94.1;0;0;0
36.207;27.459;1.13;1.74;24.3;73318;31.3;-84.2;93.7;0;0;0
36.219;20.64;0.86;1.07;24;73301;31.4;-84.2;94.1;0;0;0
36.238;39.935;1.63;2.2;24.5;73382;31.3;-83;94.1;0;0;0
36.269;18.316;0.76;1.12;24.1;73398;31.2;-80.6;94.2;0;0;0
36.298;28.314;1.17;1.66;24.2;73503;31.2;-79.1;94.1;0;0;0
36.316;21.296;0.88;1.11;24.2;73495;31.3;-80;94.4;0;0;0
36.33;39.283;1.63;2.07;24.1;73532;31.4;-80.8;94.7;0;0;0
36.359;20.726;0.86;1.18;24.1;73592;31.4;-80.8;94.4;0;0;0
36.395;28.792;1.18;1.54;24.4;73682;31.4;-81.6;94.4;0;0;0
36.408;24.24;1.01;1.25;24;73684;31.3;-81.2;94.6;0;0;0
36.425;34.704;1.44;1.77;24.1;73726;31.3;-80.7;94.8;0;0;0
36.457;24.684;1.02;1.29;24.2;73779;31.4;-81.3;94.6;0;0;0
36.488;30.132;1.24;1.54;24.3;73845;31.3;-81.5;94.8;0;0;0
36.498;25.546;1.06;1.31;24.1;73863;31.4;-81.9;94.8;0;0;0
36.519;26.028;1.08;1.34;24.1;73881;31.4;-81.2;94.7;0;0;0
36.55;26.62;1.1;1.36;24.2;73892;31.2;-80.2;94.8;0;0;0
36.579;29.161;1.21;1.49;24.1;73927;31.3;-78.8;94.9;0;0;0
36.598;27.83;1.15;1.41;24.2;73951;31.3;-77.9;94.9;0;0;0
36.608;28.92;1.2;1.44;24.1;73963;31.2;-77.4;94.9;0;0;0
36.641;27.346;1.13;1.4;24.2;73991;31.2;-76.2;94.9;0;0;0
36.672;28.8;1.2;1.46;24;74009;31.3;-76.1;94.9;0;0;0
36.688;28.072;1.16;1.43;24.2;74016;31.3;-76.1;94.9;0;0;0
36.704;26.992;1.12;1.38;24.1;74023;31.2;-75.8;95;0;0;0
36.736;27.233;1.13;1.4;24.1;74025;31.2;-75.6;94.9;0;0;0
36.769;28.197;1.17;1.42;24.1;74029;31.3;-75.6;94.9;0;0;0
36.779;28.438;1.18;1.45;24.1;74029;31.3;-76.1;94.9;0;0;0
36.799;28.431;1.17;1.44;24.3;74035;31.3;-76.3;94.9;0;0;0
36.829;27.715;1.15;1.42;24.1;74042;31.3;-76.8;94.9;0;0;0
36.858;28.556;1.18;1.44;24.2;74042;31.3;-77;94.9;0;0;0
36.879;28.197;1.17;1.44;24.1;74045;31.3;-77;94.9;0;0;0
36.895;27.36;1.14;1.39;24;74047;31.3;-77.5;94.9;0;0;0
36.928;27.83;1.15;1.41;24.2;74049;31.3;-77.5;94.9;0;0;0
36.96;28.072;1.16;1.42;24.2;74046;31.4;-77.4;94.9;0;0;0
36.969;27.956;1.16;1.44;24.1;74046;31.4;-77.2;95;0;0;0
36.99;27.956;1.16;1.42;24.1;74046;31.3;-77.1;95;0;0;0
37.02;28.072;1.16;1.42;24.2;74046;31.3;-77;94.9;0;0;0
37.049;28.197;1.17;1.43;24.1;74046;31.3;-77;94.9;0;0;0
37.068;26.992;1.12;1.38;24.1;74046;31.3;-77.2;94.9;0;0;0
37.079;28.431;1.17;1.4;24.3;74044;31.3;-77.5;95;0;0;0
37.108;27.216;1.12;1.4;24.3;74045;31.3;-77.6;95;0;0;0
37.148;27.816;1.14;1.39;24.4;74038;31.3;-77.5;94.9;0;0;0
37.158;27.83;1.15;1.43;24.2;74039;31.3;-77.6;95;0;0;0
37.179;28.197;1.17;1.43;24.1;74044;31.3;-77.8;94.9;0;0;0
37.21;27.346;1.13;1.39;24.2;74044;31.4;-77.4;94.9;0;0;0
37.24;28.197;1.17;1.43;24.1;74046;31.4;-77.4;94.9;0;0;0
37.249;28.197;1.17;1.43;24.1;74046;31.3;-77.3;94.9;0;0;0
37.269;27.83;1.15;1.42;24.2;74049;31.3;-77.3;95;0;0;0
37.296;27.346;1.13;1.38;24.2;74048;31.3;-77.4;95;0;0;0
37.329;26.992;1.12;1.38;24.1;74043;31.3;-77.7;94.9;0;0;0
37.344;26.992;1.12;1.38;24.1;74039;31.4;-77.6;95;0;0;0
37.358;29.402;1.22;1.48;24.1;74037;31.4;-78;94.9;0;0;0
37.392;28.798;1.19;1.47;24.2;74044;31.3;-77.9;94.9;0;0;0
37.425;28.438;1.18;1.45;24.1;74048;31.4;-77.7;95;0;0;0
37.441;26.244;1.08;1.33;24.3;74048;31.4;-78.6;94.9;0;0;0
37.456;26.4;1.1;1.35;24;74045;31.4;-79.6;94.9;0;0;0
37.489;28.548;1.17;1.44;24.4;74040;31.4;-78.6;94.9;0;0;0
37.518;28.32;1.18;1.44;24;74043;31.4;-78.1;94.9;0;0;0
37.537;28.92;1.2;1.48;24.1;74046;31.3;-77.5;94.9;0;0;0
37.548;28.08;1.17;1.43;24;74049;31.3;-77.4;94.9;0;0;0
37.579;28.188;1.16;1.43;24.3;74051;31.4;-77.4;94.9;0;0;0
37.61;28.431;1.17;1.44;24.3;74053;31.4;-76.9;94.9;0;0;0
37.628;27.346;1.13;1.39;24.2;74055;31.4;-77.2;95;0;0;0
37.641;27.346;1.13;1.38;24.2;74053;31.4;-77.4;95;0;0;0
37.676;28.431;1.17;1.43;24.3;74050;31.4;-77.3;95;0;0;0
37.708;29.161;1.21;1.48;24.1;74054;31.3;-77.3;94.9;0;0;0
37.718;28.072;1.16;1.43;24.2;74055;31.3;-77.1;94.9;0;0;0
37.739;28.072;1.16;1.43;24.2;74058;31.3;-76.4;94.9;0;0;0
37.769;26.992;1.12;1.38;24.1;74055;31.4;-78.7;94.9;0;0;0
37.799;27.233;1.13;1.38;24.1;74051;31.4;-80.6;95;0;0;0
37.816;28.314;1.17;1.43;24.2;74050;31.5;-81.7;95;0;0;0
37.829;27.715;1.15;1.42;24.1;74050;31.5;-81.6;95;0;0;0
37.86;27.83;1.15;1.4;24.2;74052;31.5;-82.7;94.9;0;0;0
37.895;27.702;1.14;1.4;24.3;74053;31.4;-81;95;0;0;0
37.908;28.197;1.17;1.42;24.1;74053;31.4;-80.4;94.9;0;0;0
37.927;28.679;1.19;1.45;24.1;74054;31.4;-79.9;94.9;0;0;0
37.953;27.246;1.14;1.4;23.9;74056;31.3;-78.3;94.9;0;0;0
37.985;26.51;1.1;1.37;24.1;74048;31.4;-78.2;95;0;0;0
37.998;28.314;1.17;1.4;24.2;74046;31.4;-77.9;94.9;0;0;0
38.016;27.956;1.16;1.43;24.1;74043;31.4;-77.7;94.9;0;0;0
38.049;27.83;1.15;1.41;24.2;74043;31.5;-80.3;94.9;0;0;0
38.08;28.304;1.16;1.42;24.4;74046;31.5;-81;95;0;0;0
38.097;28.556;1.18;1.44;24.2;74047;31.5;-82.5;94.9;0;0;0
38.109;29.28;1.2;1.45;24.4;74049;31.4;-82.8;94.9;0;0;0
38.139;28.679;1.19;1.47;24.1;74055;31.5;-82.6;94.9;0;0;0
38.177;28.314;1.17;1.44;24.2;74060;31.4;-82.9;94.9;0;0;0
38.189;27.715;1.15;1.42;24.1;74061;31.4;-83.2;95;0;0;0
38.206;27.36;1.14;1.38;24;74058;31.4;-82.9;94.9;0;0;0
38.239;27.233;1.13;1.4;24.1;74056;31.4;-83.2;95;0;0;0
38.269;27.83;1.15;1.4;24.2;74049;31.4;-81.5;95;0;0;0
38.288;28.438;1.18;1.46;24.1;74048;31.4;-80.4;95;0;0;0
38.299;29.16;1.2;1.45;24.3;74049;31.4;-79.9;95;0;0;0
38.329;28.188;1.16;1.42;24.3;74050;31.4;-78.5;95;0;0;0
38.358;28.917;1.19;1.46;24.3;74057;31.3;-77.8;94.9;0;0;0
38.378;27.246;1.14;1.4;23.9;74054;31.4;-77.7;94.9;0;0;0
38.39;27.83;1.15;1.46;24.2;74053;31.4;-77.6;95;0;0;0
38.426;29.04;1.2;1.45;24.2;74056;31.4;-76.9;94.9;0;0;0
38.458;29.04;1.2;1.47;24.2;74058;31.4;-75.9;95;0;0;0
38.469;27.956;1.16;1.44;24.1;74060;31.3;-75.9;94.9;0;0;0
38.488;27.715;1.15;1.42;24.1;74061;31.4;-75.6;94.9;0;0;0
38.519;28.197;1.17;1.43;24.1;74061;31.4;-75.5;95;0;0;0
38.549;28.92;1.2;1.47;24.1;74060;31.3;-75;94.9;0;0;0
38.566;29.16;1.2;1.47;24.3;74064;31.4;-76.2;94.9;0;0;0
38.579;29.282;1.21;1.48;24.2;74066;31.4;-77.4;95;0;0;0
38.608;27.84;1.16;1.43;24;74064;31.5;-79.1;94.9;0;0;0
38.641;29.524;1.22;1.49;24.2;74065;31.4;-78.5;95;0;0;0
38.656;26.88;1.12;1.39;24;74065;31.4;-78.3;94.9;0;0;0
38.673;27.459;1.13;1.39;24.3;74062;31.5;-79.7;95;0;0;0
38.705;27.485;1.15;1.41;23.9;74059;31.5;-81.4;94.9;0;0;0
38.736;27.702;1.14;1.4;24.3;74056;31.4;-80.5;94.9;0;0;0
38.749;27.459;1.13;1.39;24.3;74055;31.4;-80.8;94.9;0;0;0
38.768;28.314;1.17;1.44;24.2;74054;31.4;-81.4;95;0;0;0
38.799;28.314;1.17;1.44;24.2;74055;31.4;-81.5;94.9;0;0;0
38.829;28.674;1.18;1.45;24.3;74057;31.4;-80.9;94.9;0;0;0
38.848;28.556;1.18;1.44;24.2;74059;31.4;-80;94.9;0;0;0
38.86;29.04;1.2;1.49;24.2;74061;31.4;-79.8;94.9;0;0;0
38.89;27.84;1.16;1.43;24;74066;31.4;-79.3;94.9;0;0;0
38.923;27.956;1.16;1.42;24.1;74062;31.4;-79.1;94.9;0;0;0
38.938;28.32;1.18;1.44;24;74063;31.4;-78.9;94.9;0;0;0
38.954;27.36;1.14;1.42;24;74065;31.4;-78.6;94.9;0;0;0
38.985;27.216;1.12;1.37;24.3;74061;31.4;-78.1;94.9;0;0;0
39.016;27.715;1.15;1.41;24.1;74055;31.4;-78;94.9;0;0;0
39.031;27.246;1.14;1.41;23.9;74054;31.4;-77.1;94.9;0;0;0
39.048;27.956;1.16;1.42;24.1;74052;31.4;-76.8;94.9;0;0;0
39.079;28.08;1.17;1.44;24;74055;31.4;-77.2;94.9;0;0;0
39.108;26.51;1.1;1.37;24.1;74052;31.4;-77.3;94.9;0;0;0
39.126;27.83;1.15;1.38;24.2;74048;31.4;-78.7;94.9;0;0;0
39.139;27.702;1.14;1.39;24.3;74046;31.4;-80;94.9;0;0;0
39.174;28.197;1.17;1.44;24.1;74052;31.5;-81.3;94.9;0;0;0
39.203;28.798;1.19;1.46;24.2;74057;31.5;-81.7;94.9;0;0;0
39.218;29.403;1.21;1.48;24.3;74058;31.5;-82.7;94.9;0;0;0
39.235;28.556;1.18;1.44;24.2;74062;31.5;-83.4;94.9;0;0;0
39.266;27.83;1.15;1.42;24.2;74060;31.5;-83;95;0;0;0
39.296;28.314;1.17;1.43;24.2;74060;31.5;-83.4;94.9;0;0;0
39.311;28.197;1.17;1.43;24.1;74059;31.4;-82.6;94.9;0;0;0
39.328;29.16;1.2;1.47;24.3;74060;31.4;-81.7;94.9;0;0;0
39.359;28.072;1.16;1.44;24.2;74063;31.3;-79.7;94.9;0;0;0
39.393;28.197;1.17;1.42;24.1;74063;31.4;-78.5;94.9;0;0;0
39.408;28.314;1.17;1.45;24.2;74062;31.4;-78.2;94.9;0;0;0
39.424;29.524;1.21;1.47;24.4;74063;31.4;-77.3;94.9;0;0;0
39.456;28.679;1.19;1.46;24.1;74067;31.4;-76.8;94.9;0;0;0
39.486;27.83;1.15;1.4;24.2;74067;31.4;-76.7;94.9;0;0;0
39.499;27.216;1.12;1.39;24.3;74065;31.4;-76.8;95;0;0;0
39.518;27.715;1.15;1.41;24.1;74064;31.5;-78.2;95;0;0;0
39.549;27.104;1.12;1.39;24.2;74063;31.5;-79.8;94.9;0;0;0
39.579;27.104;1.12;1.37;24.2;74060;31.5;-81.1;94.9;0;0;0
39.597;27.104;1.12;1.38;24.2;74058;31.5;-80.4;95;0;0;0
39.61;26.16;1.09;1.34;24;74058;31.4;-79.9;95;0;0;0
39.644;28.556;1.18;1.44;24.2;74058;31.4;-79.1;94.9;0;0;0
39.68;27.702;1.14;1.39;24.3;74063;31.5;-78.9;94.9;0;0;0
39.688;26.751;1.11;1.4;24.1;74064;31.5;-78.5;94.9;0;0;0
39.704;27.84;1.16;1.42;24;74065;31.5;-78.3;95;0;0;0
39.735;26.973;1.11;1.36;24.3;74065;31.4;-78.1;94.9;0;0;0
39.767;25.92;1.08;1.33;24;74060;31.5;-81;94.9;0;0;0
39.781;26.992;1.12;1.37;24.1;74058;31.5;-81.5;94.9;0;0;0
39.797;27.459;1.13;1.37;24.3;74057;31.5;-81.4;94.9;0;0;0
39.829;26.62;1.1;1.36;24.2;74054;31.5;-82.9;95;0;0;0
39.859;26.244;1.08;1.33;24.3;74050;31.5;-83.3;94.9;0;0;0
39.874;28.188;1.16;1.41;24.3;74049;31.5;-83.3;95;0;0;0
39.889;26.992;1.12;1.38;24.1;74050;31.5;-83.6;94.9;0;0;0
39.922;26.751;1.11;1.37;24.1;74052;31.5;-84.1;94.9;0;0;0
39.954;26.378;1.09;1.34;24.2;74051;31.6;-84.3;94.9;0;0;0
39.968;28.072;1.16;1.42;24.2;74051;31.6;-84.7;94.9;0;0;0
39.985;27.588;1.14;1.39;24.2;74053;31.5;-84.8;94.9;0;0;0
40.017;27.588;1.14;1.39;24.2;74059;31.4;-82.3;94.9;0;0;0
40.048;27.233;1.13;1.39;24.1;74062;31.6;-82.2;95;0;0;0
40.064;27.216;1.12;1.4;24.3;74063;31.5;-81.5;94.9;0;0;0
40.082;26.88;1.12;1.35;24;74064;31.5;-80.9;95;0;0;0
40.109;26.992;1.12;1.37;24.1;74061;31.6;-81.9;94.9;0;0;0
40.144;26.992;1.12;1.38;24.1;74061;31.5;-80.3;94.9;0;0;0
40.158;26.973;1.11;1.36;24.3;74060;31.4;-80.5;95;0;0;0
40.174;27.233;1.13;1.38;24.1;74060;31.5;-80.8;94.9;0;0;0
40.205;26.992;1.12;1.38;24.1;74057;31.5;-82;94.9;0;0;0
40.236;27.233;1.13;1.39;24.1;74058;31.6;-82;95;0;0;0
40.248;26.51;1.1;1.34;24.1;74059;31.5;-81.1;94.9;0;0;0
40.266;25.787;1.07;1.31;24.1;74057;31.4;-80.5;94.9;0;0;0
40.297;27.474;1.14;1.4;24.1;74052;31.4;-79.3;94.9;0;0;0
40.328;27.12;1.13;1.39;24;74056;31.4;-78.1;94.9;0;0;0
40.343;27.346;1.13;1.36;24.2;74054;31.5;-78;94.9;0;0;0
40.359;28.072;1.16;1.42;24.2;74053;31.5;-77.6;94.9;0;0;0
40.391;28.072;1.16;1.43;24.2;74059;31.4;-76.9;94.9;0;0;0
40.429;27.459;1.13;1.39;24.3;74063;31.5;-76.8;95;0;0;0
40.439;27.104;1.12;1.37;24.2;74064;31.5;-77.1;95;0;0;0
40.452;27.572;1.13;1.39;24.4;74064;31.5;-76.7;94.9;0;0;0
40.484;27.474;1.14;1.39;24.1;74062;31.5;-77.2;94.9;0;0;0
40.517;27.93;1.14;1.39;24.5;74061;31.5;-77;95;0;0;0
40.53;28.798;1.19;1.47;24.2;74059;31.4;-76.9;94.9;0;0;0
40.546;28.08;1.17;1.44;24;74059;31.5;-77.9;94.9;0;0;0
40.578;29.643;1.23;1.51;24.1;74059;31.5;-80;94.9;0;0;0
40.608;28.197;1.17;1.45;24.1;74067;31.5;-81.2;95;0;0;0
40.624;28.679;1.19;1.46;24.1;74069;31.5;-80.4;95;0;0;0
40.641;27.233;1.13;1.39;24.1;74070;31.5;-79.8;95;0;0;0
40.671;28.431;1.17;1.43;24.3;74068;31.5;-79.4;95;0;0;0
40.704;27.36;1.14;1.41;24;74066;31.5;-80.4;94.9;0;0;0
40.717;28.08;1.17;1.44;24;74062;31.5;-81;95;0;0;0
40.733;28.556;1.18;1.45;24.2;74061;31.5;-80.5;94.9;0;0;0
40.768;29.403;1.21;1.48;24.3;74062;31.4;-79.7;95;0;0;0
40.796;29.04;1.2;1.47;24.2;74065;31.6;-81.4;94.9;0;0;0
40.811;27.715;1.15;1.43;24.1;74067;31.4;-82;95;0;0;0
40.827;28.072;1.16;1.42;24.2;74065;31.5;-81.3;95;0;0;0
40.86;28.556;1.18;1.44;24.2;74066;31.5;-80.5;94.9;0;0;0
40.891;28.08;1.17;1.44;24;74066;31.5;-79.3;94.9;0;0;0
40.905;29.16;1.2;1.46;24.3;74066;31.5;-79.4;94.9;0;0;0
40.921;29.16;1.2;1.47;24.3;74068;31.5;-80.3;94.9;0;0;0
40.952;28.679;1.19;1.46;24.1;74069;31.5;-80.9;95;0;0;0
40.983;27.945;1.15;1.42;24.3;74073;31.6;-81.5;94.9;0;0;0
40.998;28.314;1.17;1.44;24.2;74071;31.6;-81.6;94.9;0;0;0
41.015;28.32;1.18;1.45;24;74070;31.6;-81.6;94.9;0;0;0
41.046;28.556;1.18;1.44;24.2;74071;31.6;-82.4;95;0;0;0
41.079;27.474;1.14;1.41;24.1;74071;31.6;-83.1;95;0;0;0
41.093;27.588;1.14;1.39;24.2;74068;31.6;-83.5;94.9;0;0;0
41.109;28.06;1.15;1.41;24.4;74066;31.6;-83.3;94.9;0;0;0
41.143;28.08;1.17;1.43;24;74064;31.7;-83.2;94.9;0;0;0
41.173;28.314;1.17;1.44;24.2;74062;31.6;-84.6;94.9;0;0;0
41.188;28.314;1.17;1.45;24.2;74065;31.6;-84.6;94.9;0;0;0
41.204;28.072;1.16;1.42;24.2;74068;31.6;-84.5;95;0;0;0
41.235;27.83;1.15;1.42;24.2;74069;31.6;-84.3;94.9;0;0;0
41.268;28.679;1.19;1.46;24.1;74073;31.6;-85.1;94.9;0;0;0
41.28;26.992;1.12;1.41;24.1;74074;31.6;-84.9;94.9;0;0;0
41.296;27.83;1.15;1.39;24.2;74071;31.6;-84.3;94.9;0;0;0
41.329;27.36;1.14;1.41;24;74069;31.6;-85.1;94.9;0;0;0
41.36;27.715;1.15;1.42;24.1;74073;31.7;-84.4;94.9;0;0;0
41.376;27.6;1.15;1.39;24;74070;31.6;-84.3;94.9;0;0;0
41.394;27.328;1.12;1.38;24.4;74070;31.6;-84.8;94.9;0;0;0
41.426;27.459;1.13;1.4;24.3;74070;31.6;-85.1;94.9;0;0;0
41.457;27.83;1.15;1.41;24.2;74074;31.6;-85.5;95;0;0;0
41.469;27.715;1.15;1.4;24.1;74074;31.6;-85.9;95;0;0;0
41.489;27.132;1.14;1.4;23.8;74074;31.5;-84.8;94.9;0;0;0
41.52;27.84;1.16;1.42;24;74072;31.5;-82.4;94.9;0;0;0
41.549;27.956;1.16;1.43;24.1;74074;31.5;-81.4;95;0;0;0
41.567;27.104;1.12;1.4;24.2;74075;31.5;-80.9;94.9;0;0;0
41.579;27.084;1.11;1.36;24.4;74076;31.5;-80.8;95;0;0;0
41.608;27.474;1.14;1.4;24.1;74074;31.5;-79.9;94.9;0;0;0
41.64;26.88;1.12;1.37;24;74072;31.5;-81.1;95;0;0;0
41.658;26.768;1.12;1.38;23.9;74072;31.5;-81.6;94.9;0;0;0
41.677;26.136;1.08;1.32;24.2;74072;31.5;-81.7;94.9;0;0;0
41.709;25.546;1.06;1.31;24.1;74064;31.6;-82.8;95;0;0;0
41.739;26.862;1.11;1.36;24.2;74067;31.6;-83.5;94.9;0;0;0
41.749;27.06;1.1;1.35;24.6;74067;31.6;-83.5;95;0;0;0
41.769;26.4;1.1;1.36;24;74065;31.5;-82.5;94.9;0;0;0
41.799;26.4;1.1;1.35;24;74067;31.5;-80.9;94.9;0;0;0
41.829;26.4;1.1;1.35;24;74068;31.5;-80.4;94.9;0;0;0
41.848;26.16;1.09;1.34;24;74068;31.5;-79.6;94.9;0;0;0
41.859;25.305;1.05;1.29;24.1;74068;31.5;-79.2;94.9;0;0;0
41.898;26.378;1.09;1.34;24.2;74063;31.5;-78.4;94.9;0;0;0
41.928;26.596;1.09;1.34;24.4;74066;31.6;-80.6;94.9;0;0;0
41.938;25.652;1.06;1.3;24.2;74065;31.5;-80.7;94.9;0;0;0
41.959;27.474;1.14;1.39;24.1;74062;31.5;-81.5;95;0;0;0
41.985;27.216;1.12;1.37;24.3;74064;31.6;-83;94.9;0;0;0
42.017;27.104;1.12;1.37;24.2;74069;31.6;-83.8;94.9;0;0;0
42.032;25.894;1.07;1.31;24.2;74068;31.5;-82.7;95;0;0;0
42.048;26.751;1.11;1.36;24.1;74067;31.6;-83;94.9;0;0;0
42.08;26.51;1.1;1.36;24.1;74063;31.6;-83.5;94.9;0;0;0
42.109;27.6;1.15;1.41;24;74066;31.6;-83.7;94.9;0;0;0
42.128;27.104;1.12;1.37;24.2;74065;31.6;-84.1;95;0;0;0
42.14;28.917;1.19;1.45;24.3;74066;31.6;-84.4;95;0;0;0
42.177;27.346;1.13;1.38;24.2;74073;31.6;-84;94.9;0;0;0
42.209;26.16;1.09;1.35;24;74075;31.5;-84.6;94.9;0;0;0
42.218;25.894;1.07;1.31;24.2;74074;31.5;-83.6;94.9;0;0;0
42.239;26.862;1.11;1.35;24.2;74067;31.5;-82;94.9;0;0;0
42.269;27.459;1.13;1.4;24.3;74065;31.6;-80.5;95;0;0;0
42.299;27.588;1.14;1.4;24.2;74072;31.5;-79.4;94.9;0;0;0
42.317;28.072;1.16;1.41;24.2;74074;31.5;-79;94.9;0;0;0
42.329;27.233;1.13;1.4;24.1;74075;31.5;-78.5;94.9;0;0;0
42.359;28.08;1.17;1.43;24;74075;31.5;-77.6;94.9;0;0;0
42.396;28.548;1.17;1.43;24.4;74074;31.5;-77;94.9;0;0;0
42.408;28.556;1.18;1.45;24.2;74075;31.5;-77;94.9;0;0;0
42.427;27.715;1.15;1.41;24.1;74077;31.5;-76.9;94.9;0;0;0
42.459;27.588;1.14;1.4;24.2;74077;31.5;-76.3;94.9;0;0;0
42.489;27.84;1.16;1.41;24;74076;31.5;-75.9;94.9;0;0;0
42.498;28.674;1.18;1.46;24.3;74075;31.5;-76;94.9;0;0;0
42.519;29.28;1.2;1.46;24.4;74078;31.5;-75.7;94.9;0;0;0
42.549;28.197;1.17;1.44;24.1;74084;31.5;-75.7;94.9;0;0;0
42.579;28.314;1.17;1.42;24.2;74081;31.5;-75.6;94.9;0;0;0
42.594;28.06;1.15;1.43;24.4;74080;31.5;-75.4;95;0;0;0
42.609;28.42;1.16;1.42;24.5;74079;31.5;-75.7;94.9;0;0;0
42.641;28.32;1.18;1.44;24;74080;31.5;-75.7;94.9;0;0;0
42.672;27.36;1.14;1.4;24;74078;31.5;-75.6;94.9;0;0;0
42.688;28.438;1.18;1.43;24.1;74076;31.5;-75.3;94.9;0;0;0
42.704;28.92;1.2;1.47;24.1;74078;31.5;-75.1;94.9;0;0;0
42.736;28.679;1.19;1.46;24.1;74081;31.5;-74.9;95;0;0;0
42.769;27.956;1.16;1.44;24.1;74084;31.5;-75.5;94.9;0;0;0
42.784;29.04;1.2;1.45;24.2;74080;31.5;-75;94.9;0;0;0
42.8;29.636;1.24;1.51;23.9;74080;31.6;-76.4;94.9;0;0;0
42.829;28.798;1.19;1.46;24.2;74082;31.6;-77.9;94.9;0;0;0
42.859;28.798;1.19;1.45;24.2;74084;31.6;-77.6;95;0;0;0
42.878;29.524;1.22;1.5;24.2;74083;31.5;-77.3;95;0;0;0
42.897;29.282;1.21;1.49;24.2;74085;31.5;-77;94.9;0;0;0
42.93;27.83;1.15;1.43;24.2;74086;31.5;-76.4;94.9;0;0;0
42.96;28.197;1.17;1.43;24.1;74082;31.5;-76.4;95;0;0;0
42.968;27.715;1.15;1.45;24.1;74081;31.5;-76.4;95;0;0;0
42.988;29.16;1.2;1.47;24.3;74081;31.6;-76.7;95;0;0;0