t_event_s,force_N,audio_rms_dbfs,audio_rms_linear,window_start_s,window_end_s
0.05,0.439,-22.82,0.072282,0.0,0.1
0.15,0.486,-21.16,0.087504,0.1,0.2
0.25,0.468,-20.01,0.099899,0.2,0.3
0.35,0.522,-20.89,0.090301,0.3,0.4
0.45,0.498,-20.66,0.092657,0.4,0.5
0.55,0.574,-21.9,0.080327,0.5,0.6
0.65,0.517,-22.63,0.073888,0.6,0.7
0.75,0.619,-22.78,0.072641,0.7,0.8
0.85,0.525,-21.58,0.08338,0.8,0.9
0.95,0.471,-21.43,0.08478,0.9,1.0
1.05,0.519,-21.87,0.080594,1.0,1.1
1.15,0.547,-22.63,0.073858,1.1,1.2
1.25,0.542,-22.14,0.078153,1.2,1.3
1.35,0.56,-21.4,0.085117,1.3,1.4
1.45,0.524,-21.07,0.088451,1.4,1.5
1.55,0.452,-19.89,0.10128,1.5,1.6
1.65,0.766,-18.85,0.114098,1.6,1.7
1.75,0.781,-18.45,0.119574,1.7,1.8
1.85,0.531,-18.66,0.116681,1.8,1.9
1.95,0.601,-17.68,0.130689,1.9,2.0
2.05,0.807,-18.19,0.123151,2.0,2.1
2.15,0.532,-19.84,0.101829,2.1,2.2
2.25,0.599,-21.14,0.087671,2.2,2.3
2.35,0.584,-22.94,0.071268,2.3,2.4
2.45,0.638,-23.39,0.067693,2.4,2.5
2.55,0.65,-21.71,0.082109,2.5,2.6
2.65,0.607,-21.15,0.087566,2.6,2.7
2.75,0.649,-19.74,0.103056,2.7,2.8
2.85,0.707,-19.64,0.104246,2.8,2.9
2.95,0.874,-20.51,0.094337,2.9,3.0
3.05,0.65,-17.33,0.135966,3.0,3.1
3.15,0.549,-16.98,0.14161,3.1,3.2
3.25,0.636,-18.64,0.116982,3.2,3.3
3.35,0.664,-19.07,0.111307,3.3,3.4
3.45,0.793,-20.12,0.098678,3.4,3.5
3.55,0.628,-20.83,0.090914,3.5,3.6
3.65,0.637,-21.27,0.086421,3.6,3.7
3.75,0.688,-21.53,0.083863,3.7,3.8
3.85,0.598,-22.29,0.076785,3.8,3.9
3.95,0.691,-22.05,0.078969,3.9,4.0
4.05,0.698,-22.68,0.073468,4.0,4.1
4.15,0.714,-21.46,0.084498,4.1,4.2
4.25,0.808,-23.29,0.068472,4.2,4.3
4.35,0.779,-23.17,0.069447,4.3,4.4
4.45,0.804,-21.93,0.080121,4.4,4.5
4.55,0.885,-21.5,0.084183,4.5,4.6
4.65,0.897,-21.87,0.08065,4.6,4.7
4.75,0.775,-21.02,0.088883,4.7,4.8
4.85,0.866,-20.53,0.094077,4.8,4.9
4.95,0.798,-20.8,0.091173,4.9,5.0
5.05,0.705,-22.28,0.076877,5.0,5.1
5.15,0.706,-22.65,0.073746,5.1,5.2
5.25,1.012,-22.12,0.078336,5.2,5.3
5.35,0.82,-20.83,0.090851,5.3,5.4
5.45,0.889,-20.22,0.097495,5.4,5.5
5.55,0.809,-19.4,0.107194,5.5,5.6
5.65,0.916,-19.59,0.104879,5.6,5.7
5.75,0.762,-19.27,0.10876,5.7,5.8
5.85,1.014,-19.28,0.108625,5.8,5.9
5.95,0.787,-19.23,0.109231,5.9,6.0
6.05,1.001,-20.1,0.098809,6.0,6.1
6.15,0.989,-19.37,0.107564,6.1,6.2
6.25,1.08,-19.44,0.106651,6.2,6.3
6.35,1.022,-20.45,0.095003,6.3,6.4
6.45,0.961,-19.78,0.10254,6.4,6.5
6.55,1.008,-20.16,0.098133,6.5,6.6
6.65,1.097,-20.57,0.093596,6.6,6.7
6.75,0.822,-20.54,0.093998,6.7,6.8
6.85,1.016,-20.25,0.09714,6.8,6.9
6.95,1.069,-19.53,0.105576,6.9,7.0
7.05,0.905,-19.16,0.110188,7.0,7.1
7.15,1.013,-18.97,0.112631,7.1,7.2
7.25,0.941,-17.91,0.127237,7.2,7.3
7.35,0.972,-17.33,0.135994,7.3,7.4
7.45,1.037,-16.21,0.154639,7.4,7.5
7.55,1.323,-14.24,0.194086,7.5,7.6
7.65,1.15,-13.87,0.202571,7.6,7.7
7.75,1.006,-14.44,0.189606,7.7,7.8
7.85,1.139,-14.19,0.195171,7.8,7.9
7.95,1.167,-14.54,0.187419,7.9,8.0
8.05,0.975,-14.98,0.178143,8.0,8.1
8.15,1.197,-13.39,0.214101,8.1,8.2
8.25,1.285,-12.43,0.239094,8.2,8.3
8.35,1.103,-10.37,0.303079,8.3,8.4
8.45,1.178,-8.69,0.367728,8.4,8.5
8.55,0.97,-9.79,0.324028,8.5,8.6
8.65,1.278,-9.89,0.320126,8.6,8.7
8.75,1.218,-9.81,0.323363,8.7,8.8
8.85,1.158,-11.16,0.276622,8.8,8.9
8.95,1.086,-10.78,0.289136,8.9,9.0
9.05,1.339,-10.34,0.304126,9.0,9.1
9.15,1.262,-10.77,0.289283,9.1,9.2
9.25,1.354,-13.68,0.20694,9.2,9.3
9.35,1.236,-14.13,0.19648,9.3,9.4
9.45,1.286,-15.12,0.17531,9.4,9.5
9.55,1.304,-15.63,0.165411,9.5,9.6
9.65,1.357,-13.55,0.210137,9.6,9.7
9.75,1.245,-13.59,0.209138,9.7,9.8
9.85,1.451,-14.29,0.192905,9.8,9.9
9.95,1.44,-14.72,0.183636,9.9,10.0
10.05,1.265,-13.65,0.207654,10.0,10.1
10.15,1.145,-13.77,0.204887,10.1,10.2
10.25,1.248,-13.36,0.21475,10.2,10.3
10.35,1.352,-13.42,0.21339,10.3,10.4
10.45,1.612,-12.77,0.229749,10.4,10.5
10.55,1.175,-12.6,0.234388,10.5,10.6
10.65,1.266,-16.24,0.15419,10.6,10.7
10.75,1.436,-14.93,0.179204,10.7,10.8
10.85,1.253,-15.15,0.17484,10.8,10.9
10.95,1.431,-16.02,0.158169,10.9,11.0
11.05,1.431,-16.07,0.157165,11.0,11.1
11.15,1.278,-16.35,0.152247,11.1,11.2
11.25,1.334,-15.98,0.158778,11.2,11.3
11.35,1.731,-16.07,0.157191,11.3,11.4
11.45,1.741,-16.37,0.151906,11.4,11.5
11.55,1.279,-16.24,0.154223,11.5,11.6
11.65,1.666,-16.42,0.15096,11.6,11.7
11.75,1.471,-15.57,0.166475,11.7,11.8
11.85,1.558,-14.39,0.190817,11.8,11.9
11.95,1.641,-15.41,0.169579,11.9,12.0
12.05,1.573,-15.7,0.164082,12.0,12.1
12.15,1.546,-15.53,0.167376,12.1,12.2
12.25,1.397,-16.49,0.149776,12.2,12.3
12.35,1.467,-16.71,0.146029,12.3,12.4
12.45,1.585,-16.25,0.154045,12.4,12.5
12.55,1.445,-16.33,0.152498,12.5,12.6
12.65,1.553,-17.05,0.140447,12.6,12.7
12.75,1.61,-16.88,0.143199,12.7,12.8
12.85,1.521,-16.56,0.148524,12.8,12.9
12.95,1.663,-16.33,0.152638,12.9,13.0
13.05,1.497,-16.53,0.149052,13.0,13.1
13.15,1.646,-16.1,0.156733,13.1,13.2
13.25,1.746,-16.91,0.14267,13.2,13.3
13.35,1.641,-16.67,0.146681,13.3,13.4
13.45,1.376,-16.93,0.142364,13.4,13.5
13.55,1.629,-17.15,0.138846,13.5,13.6
13.65,1.867,-16.99,0.141399,13.6,13.7
13.75,1.754,-15.85,0.161194,13.7,13.8
13.85,1.628,-16.03,0.157861,13.8,13.9
13.95,1.655,-14.98,0.178148,13.9,14.0
14.05,1.697,-14.35,0.191546,14.0,14.1
14.15,1.549,-14.69,0.184347,14.1,14.2
14.25,1.666,-15.08,0.176238,14.2,14.3
14.35,1.811,-14.61,0.186098,14.3,14.4
14.45,1.713,-13.85,0.202963,14.4,14.5
14.55,1.988,-13.86,0.202843,14.5,14.6
14.65,2.133,-14.13,0.196661,14.6,14.7
14.75,1.732,-14.6,0.186188,14.7,14.8
14.85,1.809,-14.64,0.18536,14.8,14.9
14.95,1.827,-14.8,0.18199,14.9,15.0
15.05,1.853,-14.73,0.183485,15.0,15.1
15.15,1.671,-15.1,0.175792,15.1,15.2
15.25,1.931,-15.63,0.165481,15.2,15.3
15.35,1.971,-15.34,0.170952,15.3,15.4
15.45,1.916,-15.7,0.16399,15.4,15.5
15.55,1.78,-15.66,0.164826,15.5,15.6
15.65,1.986,-15.45,0.168756,15.6,15.7
15.75,1.952,-15.64,0.165133,15.7,15.8
15.85,2.037,-15.32,0.171329,15.8,15.9
15.95,2.058,-15.13,0.175207,15.9,16.0
16.05,2.286,-15.31,0.17163,16.0,16.1
16.15,1.953,-15.32,0.171416,16.1,16.2
16.25,2.192,-15.35,0.170831,16.2,16.3
16.35,2.22,-15.3,0.171865,16.3,16.4
16.45,1.917,-14.96,0.178714,16.4,16.5
16.55,2.3,-14.4,0.190513,16.5,16.6
16.65,2.034,-14.38,0.19089,16.6,16.7
16.75,1.937,-14.87,0.180469,16.7,16.8
16.85,2.172,-14.89,0.180094,16.8,16.9
16.95,2.028,-15.12,0.175448,16.9,17.0
17.05,2.029,-15.33,0.17128,17.0,17.1
17.15,2.305,-15.69,0.164159,17.1,17.2
17.25,2.363,-15.66,0.164744,17.2,17.3
17.35,2.176,-15.86,0.160984,17.3,17.4
17.45,2.244,-16.14,0.155946,17.4,17.5
17.55,2.265,-15.76,0.162876,17.5,17.6
17.65,2.227,-15.63,0.165479,17.6,17.7
17.75,2.299,-15.83,0.161651,17.7,17.8
17.85,2.223,-15.75,0.163024,17.8,17.9
17.95,2.303,-15.14,0.175048,17.9,18.0
18.05,2.246,-15.32,0.171454,18.0,18.1
18.15,2.445,-14.86,0.180736,18.1,18.2
18.25,2.28,-15.07,0.176437,18.2,18.3
18.35,2.506,-15.06,0.176595,18.3,18.4
18.45,2.314,-15.29,0.172012,18.4,18.5
18.55,2.08,-15.28,0.172148,18.5,18.6
18.65,2.339,-15.28,0.172277,18.6,18.7
18.75,2.484,-15.24,0.172982,18.7,18.8
18.85,2.535,-15.03,0.177158,18.8,18.9
18.95,2.379,-14.93,0.179357,18.9,19.0
19.05,2.375,-14.74,0.183297,19.0,19.1
19.15,2.236,-14.54,0.187458,19.1,19.2
19.25,2.45,-13.89,0.202037,19.2,19.3
19.35,2.621,-14.01,0.199406,19.3,19.4
19.45,2.714,-13.51,0.211108,19.4,19.5
19.55,2.679,-13.67,0.207267,19.5,19.6
19.65,2.471,-13.75,0.205321,19.6,19.7
19.75,2.543,-13.78,0.204722,19.7,19.8
19.85,2.564,-13.78,0.204759,19.8,19.9
19.95,2.714,-14.14,0.196406,19.9,20.0
20.05,2.583,-14.07,0.197986,20.0,20.1
20.15,2.687,-14.36,0.191446,20.1,20.2
20.25,2.698,-14.35,0.191638,20.2,20.3
20.35,2.68,-14.16,0.1958,20.3,20.4
20.45,2.575,-13.69,0.206688,20.4,20.5
20.55,2.817,-13.61,0.208602,20.5,20.6
20.65,2.79,-13.68,0.206966,20.6,20.7
20.75,2.932,-12.95,0.225082,20.7,20.8
20.85,2.652,-12.44,0.238836,20.8,20.9
20.95,2.697,-12.24,0.244337,20.9,21.0
21.05,2.782,-11.53,0.265075,21.0,21.1
21.15,2.846,-11.53,0.265167,21.1,21.2
21.25,2.779,-12.74,0.230604,21.2,21.3
21.35,2.81,-13.01,0.223706,21.3,21.4
21.45,2.952,-12.7,0.231668,21.4,21.5
21.55,2.685,-12.42,0.239311,21.5,21.6
21.65,2.696,-12.33,0.241915,21.6,21.7
21.75,2.958,-12.24,0.244443,21.7,21.8
21.85,2.982,-12.16,0.246662,21.8,21.9
21.95,2.921,-12.06,0.24939,21.9,22.0
22.05,2.892,-12.25,0.244095,22.0,22.1
22.15,2.874,-13.5,0.211304,22.1,22.2
22.25,2.892,-13.08,0.221803,22.2,22.3
22.35,2.713,-12.71,0.231407,22.3,22.4
22.45,2.504,-12.64,0.233409,22.4,22.5
22.55,2.716,-12.27,0.243586,22.5,22.6
22.65,2.598,-12.12,0.247663,22.6,22.7
22.75,2.534,-11.95,0.252547,22.7,22.8
22.85,2.845,-12.6,0.234442,22.8,22.9
22.95,2.728,-12.8,0.229113,22.9,23.0
23.05,2.515,-13.28,0.216864,23.0,23.1
23.15,2.733,-12.9,0.226449,23.1,23.2
23.25,2.867,-12.58,0.234893,23.2,23.3
23.35,2.749,-12.37,0.24074,23.3,23.4
23.45,2.605,-12.18,0.24606,23.4,23.5
23.55,2.79,-12.08,0.248912,23.5,23.6
23.65,2.585,-12.13,0.247553,23.6,23.7
23.75,2.842,-12.04,0.24993,23.7,23.8
23.85,2.715,-11.89,0.254414,23.8,23.9
23.95,2.837,-11.81,0.256837,23.9,24.0
24.05,2.631,-12.07,0.249142,24.0,24.1
24.15,2.635,-11.85,0.255558,24.1,24.2
24.25,2.802,-11.83,0.256242,24.2,24.3
24.35,2.738,-11.84,0.255906,24.3,24.4
24.45,3.056,-11.72,0.259308,24.4,24.5
24.55,2.748,-11.88,0.254624,24.5,24.6
24.65,2.688,-11.62,0.262442,24.6,24.7
24.75,2.77,-11.79,0.257343,24.7,24.8
24.85,2.721,-11.89,0.254311,24.8,24.9
24.95,2.771,-11.97,0.25192,24.9,25.0
25.05,2.885,-11.67,0.26085,25.0,25.1
25.15,2.772,-11.7,0.260093,25.1,25.2
25.25,2.863,-12.32,0.241969,25.2,25.3
25.35,2.753,-12.37,0.240787,25.3,25.4
25.45,2.938,-12.08,0.248856,25.4,25.5
25.55,2.713,-11.95,0.252575,25.5,25.6
25.65,2.799,-12.24,0.244397,25.6,25.7
25.75,2.876,-12.46,0.238287,25.7,25.8
25.85,2.772,-12.14,0.24706,25.8,25.9
25.95,2.814,-12.09,0.248723,25.9,26.0
26.05,2.912,-11.88,0.254719,26.0,26.1
26.15,2.826,-11.77,0.257826,26.1,26.2
26.25,2.956,-11.9,0.253993,26.2,26.3
26.35,2.992,-11.74,0.258835,26.3,26.4
26.45,2.689,-11.7,0.26009,26.4,26.5
26.55,2.732,-11.97,0.252,26.5,26.6
26.65,2.78,-12.17,0.246454,26.6,26.7
26.75,2.85,-11.89,0.254283,26.7,26.8
26.85,2.855,-11.88,0.254585,26.8,26.9
26.95,2.862,-11.99,0.251583,26.9,27.0
27.05,2.732,-12.26,0.243903,27.0,27.1
27.15,3.003,-12.07,0.249092,27.1,27.2
27.25,2.855,-11.77,0.257986,27.2,27.3
27.35,2.874,-11.84,0.255933,27.3,27.4
27.45,2.843,-11.69,0.26019,27.4,27.5
27.55,2.871,-11.72,0.259535,27.5,27.6
27.65,2.758,-11.69,0.260462,27.6,27.7
27.75,3.018,-11.74,0.258702,27.7,27.8
27.85,2.641,-12.34,0.241613,27.8,27.9
27.95,1.994,-16.27,0.153703,27.9,28.0
28.05,1.475,-16.5,0.149684,28.0,28.1
28.15,0.878,-13.95,0.200775,28.1,28.2
28.25,0.653,-21.27,0.086418,28.2,28.3
28.35,0.584,-20.3,0.096631,28.3,28.4
28.45,0.36,-18.52,0.118592,28.4,28.5
28.55,0.216,-18.44,0.119636,28.5,28.6
28.65,0.342,-20.6,0.093353,28.6,28.7
28.75,0.135,-21.08,0.088331,28.7,28.8
28.85,0.132,-20.15,0.098288,28.8,28.9
28.95,0.091,-23.3,0.068355,28.9,29.0
