t_event_s,force_N,audio_rms_dbfs,audio_rms_linear,window_start_s,window_end_s,vesc_time_s,vesc_power_W,vesc_current_motor_A,vesc_current_in_A,vesc_voltage_in_V,vesc_erpm,vesc_temp_mosfet_C,vesc_temp_motor_C,vesc_duty_cycle_pct,rpm_mech
0.05,0.644,-21.71,0.082106,0.0,0.1,20.995,0.0,0.0,0.01,24.1,42975.0,30.6,-78.4,54.3,6139
0.15,0.512,-21.25,0.086624,0.1,0.2,21.092,0.0,0.0,0.01,24.1,43147.0,30.6,-78.9,54.5,6164
0.25,0.529,-21.29,0.086207,0.2,0.3,21.187,0.0,0.0,0.0,24.1,43319.0,30.6,-79.7,54.7,6188
0.35,0.562,-20.49,0.09452,0.3,0.4,21.306,0.0,0.0,0.0,24.1,43493.0,30.6,-79.8,54.8,6213
0.45,0.448,-20.44,0.095091,0.4,0.5,21.406,0.0,0.0,0.01,24.1,43653.0,30.6,-76.4,55.2,6236
0.55,0.52,-19.43,0.106829,0.5,0.6,21.496,0.0,0.0,0.02,24.2,43828.0,30.7,-77.5,55.3,6261
0.65,0.577,-19.14,0.110425,0.6,0.7,21.593,0.241,0.01,0.04,24.1,43998.0,30.7,-79.6,55.5,6285
0.75,0.668,-18.08,0.12477,0.7,0.8,21.699,0.0,0.0,0.0,24.0,44198.0,30.7,-82.1,55.9,6314
0.85,0.584,-18.2,0.122972,0.8,0.9,21.795,-0.241,-0.01,0.0,24.1,44337.0,30.7,-84.2,56.0,6334
0.95,0.526,-16.33,0.152657,0.9,1.0,21.886,0.241,0.01,0.05,24.1,44481.0,30.7,-81.0,56.1,6354
1.05,0.685,-14.8,0.182023,1.0,1.1,21.997,2.41,0.1,0.25,24.1,44678.0,30.7,-81.0,56.5,6383
1.15,0.738,-13.93,0.201155,1.1,1.2,22.09,2.651,0.11,0.28,24.1,44902.0,30.7,-81.3,56.8,6415
1.25,0.386,-13.29,0.216475,1.2,1.3,22.184,1.928,0.08,0.24,24.1,45114.0,30.6,-77.2,57.2,6445
1.35,0.397,-15.11,0.175605,1.3,1.4,22.306,0.24,0.01,0.05,24.0,45399.0,30.6,-76.6,57.3,6486
1.45,0.576,-14.1,0.197343,1.4,1.5,22.404,0.241,0.01,0.04,24.1,45592.0,30.8,-83.1,57.5,6513
1.55,0.586,-13.65,0.207669,1.5,1.6,22.496,0.242,0.01,0.04,24.2,45733.0,30.6,-78.8,57.7,6533
1.65,0.822,-13.22,0.218221,1.6,1.7,22.592,0.0,0.0,0.0,24.2,45872.0,30.6,-76.8,57.9,6553
1.75,0.833,-10.78,0.288957,1.7,1.8,22.684,0.241,0.01,0.05,24.1,46117.0,30.7,-77.2,58.3,6588
1.85,0.474,-8.35,0.382488,1.8,1.9,22.806,1.452,0.06,0.13,24.2,46419.0,30.7,-82.7,58.8,6631
1.95,0.519,-9.66,0.328784,1.9,2.0,22.903,1.446,0.06,0.17,24.1,46623.0,30.7,-83.8,59.0,6660
2.05,0.643,-10.78,0.289001,2.0,2.1,22.995,1.446,0.06,0.17,24.1,46833.0,30.7,-84.6,59.2,6690
2.15,0.598,-9.65,0.329044,2.1,2.2,23.09,2.169,0.09,0.24,24.1,47006.0,30.8,-84.0,59.4,6715
2.25,0.6,-11.28,0.273018,2.2,2.3,23.198,-0.482,-0.02,-0.02,24.1,47206.0,30.7,-84.2,59.7,6744
2.35,0.564,-12.0,0.251088,2.3,2.4,23.291,0.0,0.0,0.01,24.1,47341.0,30.7,-82.8,59.9,6763
2.45,0.681,-11.59,0.263405,2.4,2.5,23.401,3.856,0.16,0.37,24.1,47592.0,30.7,-79.4,60.4,6799
2.55,0.645,-12.76,0.230063,2.5,2.6,23.494,4.097,0.17,0.36,24.1,47812.0,30.7,-83.0,60.5,6830
2.65,0.681,-14.73,0.183404,2.6,2.7,23.588,4.097,0.17,0.43,24.1,48005.0,30.7,-82.4,60.8,6858
2.75,0.631,-15.16,0.174495,2.7,2.8,23.683,5.082,0.21,0.48,24.2,48215.0,30.7,-79.0,61.0,6888
2.85,0.642,-15.41,0.16958,2.8,2.9,23.807,0.242,0.01,0.03,24.2,48469.0,30.6,-76.2,61.2,6924
2.95,0.655,-15.3,0.17185,2.9,3.0,23.903,0.0,0.0,0.02,24.1,48651.0,30.7,-75.5,61.5,6950
3.05,0.815,-13.12,0.220805,3.0,3.1,23.995,0.241,0.01,0.05,24.1,48827.0,30.7,-76.9,61.7,6975
3.15,0.644,-12.31,0.242429,3.1,3.2,24.09,0.0,0.0,0.0,24.1,48955.0,30.7,-77.7,61.8,6994
3.25,0.601,-12.55,0.235785,3.2,3.3,24.183,0.0,0.0,0.02,24.2,49187.0,30.8,-77.9,62.3,7027
3.35,0.696,-12.55,0.235872,3.3,3.4,24.311,1.928,0.08,0.2,24.1,49498.0,30.8,-81.6,62.7,7071
3.45,0.704,-12.06,0.249601,3.4,3.5,24.404,2.169,0.09,0.21,24.1,49697.0,30.8,-83.5,62.8,7100
3.55,0.721,-12.41,0.239689,3.5,3.6,24.496,2.42,0.1,0.22,24.2,49895.0,30.8,-83.8,63.1,7128
3.65,0.716,-15.92,0.160017,3.6,3.7,24.591,2.41,0.1,0.25,24.1,50085.0,30.8,-84.6,63.4,7155
3.75,0.593,-14.1,0.197309,3.7,3.8,24.696,0.482,0.02,0.02,24.1,50279.0,30.8,-84.6,63.5,7183
3.85,0.84,-15.19,0.173999,3.8,3.9,24.792,0.241,0.01,0.01,24.1,50372.0,30.7,-85.4,63.7,7196
3.95,0.827,-16.17,0.155427,3.9,4.0,24.901,5.52,0.23,0.49,24.0,50648.0,30.7,-84.3,64.2,7235
4.05,0.79,-17.53,0.132885,4.0,4.1,24.995,5.302,0.22,0.46,24.1,50871.0,30.8,-84.5,64.4,7267
4.15,0.795,-17.03,0.140741,4.1,4.2,25.091,3.133,0.13,0.29,24.1,51111.0,30.8,-84.1,64.9,7302
4.25,0.723,-16.91,0.142689,4.2,4.3,25.186,2.42,0.1,0.25,24.2,51326.0,30.8,-83.5,65.1,7332
4.35,0.809,-16.67,0.146655,4.3,4.4,25.306,0.0,0.0,0.0,24.2,51552.0,30.8,-84.7,65.3,7365
4.45,0.764,-16.93,0.142354,4.4,4.5,25.405,0.24,0.01,0.04,24.0,51772.0,30.8,-78.5,65.5,7396
4.55,0.8,-16.07,0.15729,4.5,4.6,25.496,0.0,0.0,0.02,24.1,51913.0,30.7,-76.3,65.6,7416
4.65,0.682,-15.65,0.164968,4.6,4.7,25.588,0.0,0.0,0.02,24.1,52035.0,30.8,-80.3,65.8,7434
4.75,0.697,-15.71,0.163905,4.7,4.8,25.683,0.241,0.01,0.02,24.1,52240.0,30.8,-84.9,66.1,7463
4.85,1.138,-16.14,0.156006,4.8,4.9,25.806,2.42,0.1,0.21,24.2,52496.0,30.9,-86.7,66.6,7499
4.95,0.734,-16.23,0.154263,4.9,5.0,25.907,2.169,0.09,0.19,24.1,52742.0,30.8,-83.1,66.8,7535
5.05,0.709,-15.65,0.165039,5.0,5.1,25.996,1.936,0.08,0.16,24.2,52931.0,30.9,-84.3,67.1,7562
5.15,0.819,-15.68,0.1645,5.1,5.2,26.096,1.452,0.06,0.12,24.2,53154.0,30.8,-79.6,67.5,7593
5.25,0.872,-15.38,0.170302,5.2,5.3,26.196,0.242,0.01,0.0,24.2,53358.0,30.9,-83.2,67.6,7623
5.35,0.737,-16.18,0.155155,5.3,5.4,26.291,0.484,0.02,0.03,24.2,53397.0,30.8,-83.4,67.5,7628
5.45,0.875,-15.66,0.164874,5.4,5.5,26.403,5.061,0.21,0.46,24.1,53646.0,30.8,-80.3,68.2,7664
5.55,0.925,-15.4,0.169745,5.5,5.6,26.496,5.324,0.22,0.46,24.2,53889.0,30.8,-77.8,68.4,7698
5.65,0.97,-15.28,0.172136,5.6,5.7,26.595,3.63,0.15,0.29,24.2,54082.0,30.8,-76.0,68.7,7726
5.75,0.944,-15.2,0.173844,5.7,5.8,26.687,3.615,0.15,0.36,24.1,54281.0,30.8,-76.5,68.9,7754
5.85,0.95,-15.86,0.161005,5.8,5.9,26.806,0.0,0.0,-0.01,24.2,54525.0,30.8,-77.1,69.1,7789
5.95,0.905,-16.63,0.147441,5.9,6.0,26.906,0.482,0.02,0.04,24.1,54723.0,30.9,-83.4,69.4,7818
6.05,0.958,-17.07,0.140147,6.0,6.1,26.995,0.242,0.01,0.01,24.2,54846.0,30.9,-85.3,69.5,7835
6.15,0.879,-16.83,0.144104,6.1,6.2,27.087,0.0,0.0,0.0,24.1,55022.0,30.9,-86.8,69.8,7860
6.25,0.96,-17.08,0.139935,6.2,6.3,27.186,0.0,0.0,0.03,24.1,55251.0,30.9,-87.1,70.1,7893
6.35,0.877,-16.88,0.143141,6.3,6.4,27.306,1.928,0.08,0.17,24.1,55530.0,30.9,-87.4,70.6,7933
6.45,0.902,-16.84,0.143799,6.4,6.5,27.407,2.42,0.1,0.2,24.2,55715.0,31.0,-85.3,70.7,7959
6.55,1.085,-16.41,0.151141,6.5,6.6,27.496,1.928,0.08,0.15,24.1,55936.0,30.9,-86.2,71.2,7991
6.65,0.813,-17.13,0.139081,6.6,6.7,27.588,1.936,0.08,0.14,24.2,56150.0,30.8,-81.5,71.4,8021
6.75,0.925,-17.37,0.135393,6.7,6.8,27.7,0.0,0.0,0.0,24.2,56347.0,30.8,-79.7,71.5,8050
6.85,0.934,-17.01,0.141077,6.8,6.9,27.796,0.0,0.0,0.0,24.1,56446.0,30.8,-81.6,71.8,8064
6.95,0.975,-17.15,0.138883,6.9,7.0,27.886,0.726,0.03,0.08,24.2,56643.0,30.9,-84.0,71.9,8092
7.05,0.907,-16.51,0.149416,7.0,7.1,27.996,5.082,0.21,0.45,24.2,56894.0,30.9,-85.1,72.3,8128
7.15,0.862,-16.3,0.15313,7.1,7.2,28.091,4.114,0.17,0.38,24.2,57083.0,31.0,-84.7,72.6,8155
7.25,0.946,-16.02,0.158151,7.2,7.3,28.184,4.579,0.19,0.34,24.1,57269.0,30.9,-84.3,72.9,8181
7.35,1.029,-14.65,0.18516,7.3,7.4,28.307,0.241,0.01,0.01,24.1,57496.0,30.8,-82.8,73.0,8214
7.45,0.826,-14.47,0.189013,7.4,7.5,28.404,0.484,0.02,0.05,24.2,57691.0,30.9,-80.3,73.1,8242
7.55,0.943,-14.81,0.181816,7.5,7.6,28.496,0.0,0.0,0.03,24.2,57789.0,30.9,-79.7,73.3,8256
7.65,1.136,-14.85,0.180922,7.6,7.7,28.59,0.0,0.0,-0.01,24.1,57974.0,30.9,-80.1,73.6,8282
7.75,0.978,-14.84,0.181067,7.7,7.8,28.684,0.482,0.02,0.04,24.1,58135.0,31.0,-82.2,73.8,8305
7.85,1.28,-14.21,0.19469,7.8,7.9,28.806,5.302,0.22,0.41,24.1,58440.0,30.9,-83.6,74.2,8349
7.95,0.843,-13.73,0.205774,7.9,8.0,28.902,5.543,0.23,0.44,24.1,58635.0,30.9,-83.9,74.4,8376
8.05,1.07,-13.85,0.203018,8.0,8.1,28.995,6.534,0.27,0.47,24.2,58817.0,30.9,-79.7,74.8,8402
8.15,1.152,-14.45,0.189425,8.1,8.2,29.09,6.507,0.27,0.46,24.1,59032.0,30.9,-78.8,74.9,8433
8.25,0.961,-14.56,0.187176,8.2,8.3,29.196,0.964,0.04,0.06,24.1,59208.0,30.9,-78.5,75.3,8458
8.35,1.15,-14.44,0.189595,8.3,8.4,29.293,1.452,0.06,0.11,24.2,59297.0,30.9,-79.0,75.3,8471
8.45,1.125,-14.36,0.19144,8.4,8.5,29.386,1.21,0.05,0.08,24.2,59526.0,30.9,-77.8,75.5,8504
8.55,1.04,-14.87,0.180519,8.5,8.6,29.495,22.413,0.93,1.63,24.1,59764.0,30.9,-77.0,75.9,8538
8.65,1.133,-15.45,0.168943,8.6,8.7,29.59,15.246,0.63,1.16,24.2,60009.0,31.0,-80.9,76.5,8573
8.75,1.303,-15.59,0.166174,8.7,8.8,29.683,17.182,0.71,1.3,24.2,60205.0,30.9,-80.7,76.8,8601
8.85,1.223,-15.65,0.164928,8.8,8.9,29.807,-0.242,-0.01,0.0,24.2,60438.0,31.0,-83.4,76.8,8634
8.95,0.972,-15.89,0.160425,8.9,9.0,29.901,0.484,0.02,0.03,24.2,60628.0,30.9,-81.8,77.0,8661
9.05,1.12,-15.81,0.161952,9.0,9.1,29.993,0.241,0.01,0.03,24.1,60732.0,31.0,-80.1,77.3,8676
9.15,1.163,-16.13,0.156084,9.1,9.2,30.088,1.694,0.07,0.09,24.2,60936.0,30.9,-79.3,77.3,8705
9.25,1.141,-16.1,0.15663,9.2,9.3,30.186,1.936,0.08,0.13,24.2,61130.0,31.0,-82.6,77.6,8733
9.35,1.314,-15.68,0.164504,9.3,9.4,30.31,10.89,0.45,0.73,24.2,61447.0,31.0,-84.6,78.1,8778
9.45,1.055,-14.95,0.178848,9.4,9.5,30.404,11.616,0.48,0.77,24.2,61641.0,31.0,-86.9,78.4,8806
9.55,1.301,-15.54,0.16712,9.5,9.6,30.496,14.278,0.59,0.97,24.2,61837.0,30.9,-82.1,78.9,8834
9.65,1.236,-15.72,0.163617,9.6,9.7,30.595,10.648,0.44,0.74,24.2,62054.0,31.0,-81.8,79.2,8865
9.75,1.218,-16.4,0.151367,9.7,9.8,30.696,11.809,0.49,0.82,24.1,62258.0,31.0,-83.8,78.9,8894
9.85,1.221,-16.43,0.150775,9.8,9.9,30.796,8.917,0.37,0.64,24.1,62346.0,31.0,-80.2,79.3,8907
9.95,1.061,-16.0,0.158522,9.9,10.0,30.885,7.953,0.33,0.63,24.1,62578.0,31.0,-79.1,79.4,8940
10.05,1.136,-15.67,0.164554,10.0,10.1,30.995,27.83,1.15,1.81,24.2,62825.0,31.0,-77.7,80.0,8975
10.15,1.137,-15.95,0.159367,10.1,10.2,31.092,27.346,1.13,1.76,24.2,63034.0,31.0,-77.7,80.3,9005
10.25,1.246,-16.43,0.150854,10.2,10.3,31.187,22.022,0.91,1.42,24.2,63253.0,31.0,-83.7,80.5,9036
10.35,1.308,-16.35,0.15216,10.3,10.4,31.307,5.082,0.21,0.39,24.2,63473.0,31.1,-84.5,80.7,9068
10.45,1.409,-16.48,0.15003,10.4,10.5,31.407,7.018,0.29,0.44,24.2,63673.0,31.0,-82.5,81.0,9096
10.55,1.292,-16.27,0.153611,10.5,10.6,31.496,6.025,0.25,0.48,24.1,63881.0,31.0,-80.2,81.3,9126
10.65,1.452,-16.43,0.150796,10.6,10.7,31.591,5.808,0.24,0.44,24.2,63983.0,31.1,-80.5,81.3,9140
10.75,1.418,-16.91,0.142645,10.7,10.8,31.684,6.776,0.28,0.43,24.2,64192.0,31.1,-84.7,81.7,9170
10.85,1.396,-16.89,0.143129,10.8,10.9,31.806,16.629,0.69,1.03,24.1,64493.0,31.0,-81.7,82.3,9213
10.95,1.342,-16.73,0.145747,10.9,11.0,31.907,15.488,0.64,1.0,24.2,64699.0,31.0,-80.0,82.5,9243
11.05,1.252,-16.65,0.147059,11.0,11.1,31.997,15.906,0.66,1.02,24.1,64901.0,31.0,-79.0,82.8,9272
11.15,1.487,-16.34,0.152488,11.1,11.2,32.096,13.794,0.57,0.88,24.2,65108.0,31.1,-82.0,82.9,9301
11.25,1.279,-15.92,0.15999,11.2,11.3,32.196,10.406,0.43,0.62,24.2,65317.0,31.1,-83.5,83.1,9331
11.35,1.295,-15.68,0.164527,11.3,11.4,32.292,8.194,0.34,0.52,24.1,65416.0,31.1,-86.4,83.3,9345
11.45,1.209,-15.57,0.166447,11.4,11.5,32.403,26.028,1.08,1.67,24.1,65693.0,31.1,-86.4,83.8,9385
11.55,1.391,-15.31,0.171527,11.5,11.6,32.496,34.364,1.42,2.12,24.2,65876.0,31.0,-81.3,84.0,9411
11.65,1.538,-15.62,0.165523,11.6,11.7,32.596,23.232,0.96,1.5,24.2,66105.0,31.0,-79.6,84.3,9444
11.75,1.415,-15.69,0.164273,11.7,11.8,32.686,20.812,0.86,1.38,24.2,66319.0,31.0,-79.0,84.7,9474
11.85,1.5,-15.72,0.163598,11.8,11.9,32.806,2.892,0.12,0.27,24.1,66533.0,31.0,-78.2,84.8,9505
11.95,1.47,-16.07,0.157226,11.9,12.0,32.906,3.388,0.14,0.19,24.2,66734.0,31.0,-78.7,85.1,9533
12.05,1.575,-15.96,0.159253,12.0,12.1,32.995,11.374,0.47,0.67,24.2,66804.0,31.0,-77.4,85.1,9543
12.15,1.615,-15.81,0.161925,12.1,12.2,33.093,4.356,0.18,0.31,24.2,67025.0,31.1,-77.9,85.5,9575
12.25,1.189,-15.66,0.164776,12.2,12.3,33.187,5.061,0.21,0.31,24.1,67229.0,31.1,-84.0,85.7,9604
12.35,1.645,-15.4,0.169731,12.3,12.4,33.307,14.278,0.59,0.87,24.2,67528.0,31.0,-84.4,86.5,9647
12.45,1.283,-15.35,0.170721,12.4,12.5,33.402,15.004,0.62,0.93,24.2,67721.0,31.1,-84.1,86.7,9674
12.55,1.374,-15.04,0.176945,12.5,12.6,33.495,15.004,0.62,0.97,24.2,67922.0,31.1,-85.3,86.9,9703
12.65,1.374,-14.56,0.187083,12.6,12.7,33.589,13.68,0.57,0.84,24.0,68133.0,31.0,-84.9,87.3,9733
12.75,1.499,-14.59,0.186387,12.7,12.8,33.696,13.068,0.54,0.76,24.2,68195.0,31.0,-80.6,87.1,9742
12.85,1.647,-14.53,0.187708,12.8,12.9,33.794,9.196,0.38,0.58,24.2,68429.0,31.0,-80.0,87.4,9776
12.95,1.238,-14.39,0.190709,12.9,13.0,33.885,8.676,0.36,0.55,24.1,68640.0,31.2,-83.4,87.7,9806
13.05,1.495,-14.49,0.188602,13.0,13.1,33.996,40.898,1.69,2.17,24.2,68858.0,31.2,-85.2,88.4,9837
13.15,1.544,-14.39,0.190757,13.1,13.2,34.096,24.1,1.0,1.51,24.1,69119.0,31.0,-82.3,88.3,9874
13.25,1.529,-14.75,0.182964,13.2,13.3,34.186,21.449,0.89,1.32,24.1,69330.0,31.1,-80.3,88.8,9904
13.35,1.78,-14.94,0.179032,13.3,13.4,34.311,3.63,0.15,0.29,24.2,69543.0,31.1,-78.9,89.0,9935
13.45,1.872,-15.21,0.173617,13.4,13.5,34.404,2.178,0.09,0.09,24.2,69745.0,31.1,-77.7,89.2,9964
13.55,1.783,-14.83,0.181337,13.5,13.6,34.497,9.64,0.4,0.55,24.1,69818.0,31.1,-77.8,89.4,9974
13.65,1.586,-14.77,0.182637,13.6,13.7,34.595,3.388,0.14,0.25,24.2,70042.0,31.1,-81.9,89.6,10006
13.75,1.557,-14.37,0.19119,13.7,13.8,34.686,2.42,0.1,0.11,24.2,70253.0,31.1,-83.3,89.9,10036
13.85,1.579,-14.05,0.198272,13.8,13.9,34.807,14.278,0.59,0.86,24.2,70569.0,31.1,-84.0,90.5,10081
13.95,1.645,-14.0,0.199639,13.9,14.0,34.906,14.219,0.59,0.84,24.1,70757.0,31.2,-85.1,90.7,10108
14.05,1.859,-13.66,0.207421,14.0,14.1,34.995,13.851,0.57,0.82,24.3,70960.0,31.2,-85.5,91.0,10137
14.15,1.556,-13.54,0.21036,14.1,14.2,35.091,12.532,0.52,0.78,24.1,71161.0,31.2,-85.4,91.2,10166
14.25,1.442,-13.29,0.216588,14.2,14.3,35.196,-1.452,-0.06,-0.12,24.2,71352.0,31.2,-85.0,91.6,10193
14.35,1.76,-13.44,0.212827,14.3,14.4,35.296,2.904,0.12,0.19,24.2,71437.0,31.1,-83.3,91.6,10205
14.45,1.628,-13.52,0.210901,14.4,14.5,35.386,0.964,0.04,0.08,24.1,71664.0,31.2,-86.4,91.8,10238
14.55,1.862,-13.63,0.208234,14.5,14.6,35.497,37.576,1.54,2.29,24.4,71890.0,31.2,-84.8,92.6,10270
14.65,1.586,-13.8,0.204114,14.6,14.7,35.596,23.377,0.97,1.63,24.1,72156.0,31.2,-84.3,92.3,10308
14.75,1.948,-13.76,0.205206,14.7,14.8,35.683,27.83,1.15,1.94,24.2,72333.0,31.3,-84.6,92.6,10333
14.85,1.578,-13.64,0.208003,14.8,14.9,35.806,2.662,0.11,0.31,24.2,72566.0,31.2,-83.4,93.0,10367
14.95,1.833,-13.51,0.211213,14.9,15.0,35.906,0.0,0.0,-0.02,24.4,72739.0,31.1,-82.8,93.5,10391
15.05,1.986,-13.57,0.209594,15.0,15.1,35.997,3.888,0.16,0.38,24.3,72951.0,31.1,-83.2,93.7,10422
15.15,1.549,-13.39,0.214138,15.1,15.2,36.095,5.784,0.24,0.54,24.1,72998.0,31.1,-82.0,93.9,10428
15.25,1.801,-13.48,0.2119,15.2,15.3,36.186,3.402,0.14,0.37,24.3,73192.0,31.2,-83.3,94.2,10456
15.35,1.414,-13.47,0.212122,15.3,15.4,36.307,15.424,0.64,1.05,24.1,73466.0,31.2,-81.6,94.3,10495
15.45,1.946,-13.47,0.21209,15.4,15.5,36.403,17.111,0.71,1.0,24.1,73640.0,31.2,-79.0,94.5,10520
15.55,1.687,-13.46,0.212262,15.5,15.6,36.497,16.836,0.69,0.87,24.4,73802.0,31.3,-81.5,94.8,10543
15.65,1.548,-13.22,0.218325,15.6,15.7,36.596,13.068,0.54,0.69,24.2,73900.0,31.2,-83.4,94.9,10557
15.75,2.07,-13.3,0.216363,15.7,15.8,36.686,13.92,0.58,0.73,24.0,73927.0,31.2,-81.6,94.9,10561
15.85,1.418,-12.91,0.226258,15.8,15.9,36.795,12.826,0.53,0.68,24.2,73943.0,31.3,-81.6,94.9,10563
15.95,2.22,-13.09,0.221514,15.9,16.0,36.885,11.809,0.49,0.62,24.1,73935.0,31.3,-83.5,94.9,10562
16.05,1.566,-13.26,0.217216,16.0,16.1,36.996,12.1,0.5,0.64,24.2,73937.0,31.1,-81.9,94.9,10562
16.15,1.792,-13.24,0.217713,16.1,16.2,37.091,12.826,0.53,0.67,24.2,73943.0,31.1,-77.4,94.9,10563
16.25,1.726,-13.31,0.215998,16.2,16.3,37.187,12.636,0.52,0.67,24.3,73937.0,31.2,-76.2,94.9,10562
16.35,1.63,-13.24,0.217878,16.3,16.4,37.306,12.584,0.52,0.65,24.2,73940.0,31.3,-78.9,95.0,10563
16.45,1.939,-13.3,0.216332,16.4,16.5,37.405,14.036,0.58,0.72,24.2,73942.0,31.3,-82.2,94.9,10563
16.55,1.449,-12.97,0.22476,16.5,16.6,37.496,13.44,0.56,0.7,24.0,73952.0,31.2,-84.5,94.9,10565
16.65,2.026,-13.12,0.220899,16.6,16.7,37.588,12.932,0.53,0.68,24.4,73954.0,31.2,-80.7,95.0,10565
16.75,1.569,-12.96,0.224881,16.7,16.8,37.685,12.291,0.51,0.65,24.1,73951.0,31.3,-80.6,95.0,10564
16.85,1.635,-12.93,0.2256,16.8,16.9,37.806,13.496,0.56,0.7,24.1,73945.0,31.3,-84.2,94.9,10564
16.95,1.853,-13.17,0.219605,16.9,17.0,37.904,13.496,0.56,0.7,24.1,73949.0,31.2,-85.8,94.9,10564
17.05,1.585,-13.16,0.219861,17.0,17.1,37.996,13.014,0.54,0.68,24.1,73956.0,31.3,-85.9,94.9,10565
17.15,1.914,-13.15,0.220153,17.1,17.2,38.09,12.636,0.52,0.65,24.3,73955.0,31.3,-85.7,94.9,10565
17.25,1.575,-12.99,0.224254,17.2,17.3,38.198,12.15,0.5,0.63,24.3,73953.0,31.3,-81.5,95.0,10565
17.35,1.548,-13.16,0.219744,17.3,17.4,38.292,14.219,0.59,0.73,24.1,73952.0,31.2,-78.5,94.9,10565
17.45,1.87,-13.12,0.220915,17.4,17.5,38.401,13.014,0.54,0.7,24.1,73957.0,31.3,-81.9,95.0,10565
17.55,1.279,-13.28,0.216825,17.5,17.6,38.494,10.648,0.44,0.62,24.2,73952.0,31.2,-83.7,94.9,10565
17.65,2.089,-12.84,0.228042,17.6,17.7,38.588,10.89,0.45,0.59,24.2,73951.0,31.4,-84.4,94.9,10564
17.75,1.463,-12.96,0.224995,17.7,17.8,38.681,12.342,0.51,0.63,24.2,73951.0,31.3,-83.8,95.0,10564
17.85,1.89,-13.17,0.219541,17.8,17.9,38.806,12.852,0.54,0.68,23.8,73950.0,31.3,-81.9,94.9,10564
17.95,1.686,-13.16,0.219836,17.9,18.0,38.9,12.291,0.51,0.64,24.1,73947.0,31.2,-80.7,95.0,10564
18.05,1.63,-13.02,0.223293,18.0,18.1,38.997,12.826,0.53,0.67,24.2,73961.0,31.2,-77.6,94.9,10566
18.15,1.853,-13.02,0.223434,18.1,18.2,39.089,12.342,0.51,0.65,24.2,73954.0,31.3,-79.4,94.9,10565
18.25,1.477,-13.05,0.222554,18.2,18.3,39.182,12.773,0.53,0.66,24.1,73959.0,31.3,-82.3,95.0,10566
18.35,1.743,-13.16,0.219813,18.3,18.4,39.307,12.25,0.5,0.64,24.5,73957.0,31.4,-84.2,94.9,10565
18.45,1.851,-13.14,0.22033,18.4,18.5,39.401,12.0,0.5,0.63,24.0,73958.0,31.3,-80.2,94.9,10565
18.55,1.476,-12.86,0.227489,18.5,18.6,39.495,12.773,0.53,0.67,24.1,73953.0,31.2,-77.7,94.9,10565
18.65,1.99,-13.02,0.22339,18.6,18.7,39.589,12.342,0.51,0.65,24.2,73962.0,31.3,-76.1,95.0,10566
18.75,1.436,-13.05,0.222634,18.7,18.8,39.696,11.374,0.47,0.61,24.2,73966.0,31.3,-75.4,94.9,10567
18.85,1.911,-13.03,0.223197,18.8,18.9,39.792,11.809,0.49,0.62,24.1,73970.0,31.3,-77.4,94.9,10567
18.95,1.613,-13.06,0.222252,18.9,19.0,39.901,10.98,0.45,0.59,24.4,73967.0,31.4,-82.6,94.9,10567
19.05,1.453,-12.93,0.22566,19.0,19.1,39.994,12.72,0.53,0.68,24.0,73953.0,31.3,-81.7,95.0,10565
19.15,1.914,-12.94,0.225326,19.1,19.2,40.097,11.568,0.48,0.64,24.1,73968.0,31.2,-78.3,94.9,10567
19.25,1.417,-12.92,0.225962,19.2,19.3,40.187,12.636,0.52,0.66,24.3,73962.0,31.3,-77.1,94.9,10566
19.35,1.959,-13.04,0.22297,19.3,19.4,40.308,11.472,0.48,0.61,23.9,73957.0,31.3,-77.2,94.9,10565
19.45,1.498,-12.91,0.226159,19.4,19.5,40.403,12.532,0.52,0.67,24.1,73957.0,31.4,-79.0,94.9,10565
19.55,1.512,-13.01,0.223512,19.5,19.6,40.494,13.23,0.54,0.68,24.5,73966.0,31.3,-81.0,95.0,10567
19.65,1.652,-12.9,0.226426,19.6,19.7,40.587,13.2,0.55,0.7,24.0,73964.0,31.3,-83.3,94.9,10566
19.75,1.429,-12.99,0.22408,19.7,19.8,40.686,13.255,0.55,0.71,24.1,73963.0,31.4,-82.5,95.0,10566
19.85,1.923,-13.08,0.221783,19.8,19.9,40.807,12.826,0.53,0.67,24.2,73970.0,31.4,-82.6,94.9,10567
19.95,1.448,-12.97,0.224711,19.9,20.0,40.901,13.92,0.58,0.73,24.0,73977.0,31.4,-79.2,94.9,10568
20.05,1.599,-12.86,0.227558,20.0,20.1,40.998,13.92,0.58,0.72,24.0,73972.0,31.4,-78.3,94.9,10567
20.15,1.707,-12.97,0.224571,20.1,20.2,41.09,14.337,0.59,0.74,24.3,73969.0,31.4,-79.9,94.9,10567
20.25,1.425,-12.74,0.230709,20.2,20.3,41.196,14.823,0.61,0.73,24.3,73975.0,31.4,-82.9,94.9,10568
20.35,1.978,-13.03,0.223131,20.3,20.4,41.293,13.908,0.57,0.71,24.4,73980.0,31.4,-80.9,95.0,10569
20.45,1.607,-12.98,0.224356,20.4,20.5,41.401,15.665,0.65,0.82,24.1,73981.0,31.4,-78.4,94.9,10569
20.55,1.836,-12.82,0.228543,20.5,20.6,41.494,13.608,0.56,0.72,24.3,73984.0,31.4,-77.8,95.0,10569
20.65,1.757,-12.94,0.225345,20.6,20.7,41.596,14.036,0.58,0.74,24.2,73980.0,31.5,-78.3,95.0,10569
20.75,1.542,-12.87,0.227283,20.7,20.8,41.683,13.68,0.57,0.72,24.0,73982.0,31.4,-79.3,95.0,10569
20.85,1.848,-12.99,0.224109,20.8,20.9,41.807,15.004,0.62,0.78,24.2,73982.0,31.4,-77.7,94.9,10569
20.95,1.536,-12.98,0.224305,20.9,21.0,41.907,14.46,0.6,0.76,24.1,73976.0,31.4,-77.7,94.9,10568
21.05,1.949,-13.04,0.222779,21.0,21.1,41.996,13.794,0.57,0.72,24.2,73984.0,31.4,-77.3,94.9,10569
21.15,1.648,-13.07,0.222125,21.1,21.2,42.087,14.88,0.62,0.78,24.0,73982.0,31.4,-81.5,95.0,10569
21.25,1.741,-13.41,0.213588,21.2,21.3,42.188,15.183,0.63,0.78,24.1,73991.0,31.5,-82.9,95.0,10570
21.35,1.281,-17.05,0.140424,21.3,21.4,42.308,14.219,0.59,0.75,24.1,73979.0,31.4,-80.6,94.9,10568
21.45,0.867,-19.04,0.111736,21.4,21.5,42.404,14.52,0.6,0.76,24.2,73984.0,31.5,-84.1,94.9,10569
21.55,0.594,-13.67,0.20737,21.5,21.6,42.498,14.16,0.59,0.74,24.0,73983.0,31.4,-83.4,94.9,10569
21.65,0.409,-21.53,0.083807,21.6,21.7,42.596,14.52,0.6,0.74,24.2,73986.0,31.5,-80.7,94.9,10569
21.75,0.216,-20.82,0.090976,21.7,21.8,42.686,14.52,0.6,0.75,24.2,73988.0,31.4,-78.7,95.0,10570
21.85,0.26,-19.17,0.109998,21.8,21.9,42.795,13.496,0.56,0.69,24.1,73991.0,31.4,-77.5,94.9,10570
21.95,0.096,-18.87,0.113942,21.9,22.0,42.885,13.014,0.54,0.71,24.1,73988.0,31.4,-76.5,94.9,10570
22.05,0.088,-20.59,0.093431,22.0,22.1,42.995,15.435,0.63,0.79,24.5,73983.0,31.5,-76.1,94.9,10569
