0;0;0;0;24;-1;29.2;-85.4;0.1;0;0;0
0.027;0;0;0;24.2;2;29.1;-84.2;0.1;0;0;0
0.04;0;0;0;24.2;0;29.2;-83.2;0;0;0;0
0.058;14.701;0.61;15.06;24.1;-44;29.1;-82.4;3.2;0;0;0
0.096;3.133;0.13;7.47;24.1;-88;29.2;-81.6;1.9;0;0;0
0.126;4.338;0.18;8.82;24.1;27;29.1;-80.4;2.4;0;0;0
0.136;3.615;0.15;8.39;24.1;-7;29.1;-80.2;2.3;0;0;0
0.156;3.856;0.16;7.27;24.1;196;29.1;-79.6;3.1;0;0;0
0.186;3.856;0.16;8.64;24.1;161;29.2;-78.9;2.2;0;0;0
0.217;4.56;0.19;9.6;24;184;29.1;-80;2.2;0;0;0
0.236;4.097;0.17;8.86;24.1;212;29.1;-80;2.6;0;0;0
0.246;6.507;0.27;10.9;24.1;241;29.1;-80.4;2.7;0;0;0
0.278;4.579;0.19;9.37;24.1;291;29.1;-80.6;2.8;0;0;0
0.308;4.338;0.18;7.84;24.1;679;29.2;-80.1;3.3;0;0;0
0.323;3.133;0.13;3.98;24.1;1019;29.1;-79.8;4.5;0;0;0
0.339;1.205;0.05;1.44;24.1;1564;29.1;-80.3;4.6;0;0;0
0.372;0.241;0.01;0.55;24.1;2241;29.2;-81.4;4.1;0;0;0
0.403;0;0;0.39;24.1;2505;29.1;-82.2;3.6;0;0;0
0.415;0;0;0.17;24.1;2547;29.1;-82.3;3.5;0;0;0
0.436;0;0;0.31;24.1;2522;29.2;-82.3;3;0;0;0
0.468;0;0;0.15;24.2;2385;29.2;-82.5;2.5;0;0;0
0.497;0.241;0.01;0.73;24.1;2248;29.1;-82.6;2.5;0;0;0
0.515;0;0;0.77;24.1;2112;29.1;-82.5;2.7;0;0;0
0.527;1.687;0.07;2.4;24.1;2140;29.1;-82.6;3.4;0;0;0
0.558;0;0;0.64;24.2;2218;29.3;-82.9;2.9;0;0;0
0.595;0.242;0.01;0.96;24.2;2277;29.1;-80.4;2.9;0;0;0
0.607;0.241;0.01;0.77;24.1;2304;29.1;-79.8;3;0;0;0
0.627;0.726;0.03;1.28;24.2;2330;29.1;-78.6;3.5;0;0;0
0.657;0;0;0.85;24.1;2401;29.1;-80;3.1;0;0;0
0.681;0.723;0.03;1.3;24.1;2472;29.1;-80.8;3.5;0;0;0
0.696;0;0;0.75;24.1;2442;29.2;-81.1;3.4;0;0;0
0.713;0;0;0.72;24;2469;29.2;-81.7;3.1;0;0;0
0.745;0.241;0.01;1;24.1;2388;29.2;-82;3.4;0;0;0
0.775;0.723;0.03;1.24;24.1;2566;29.1;-81.2;3.5;0;0;0
0.796;0.24;0.01;0.82;24;2561;29.2;-80.3;3.4;0;0;0
0.807;0.964;0.04;1.55;24.1;2566;29.2;-79.9;4;0;0;0
0.847;0.241;0.01;0.94;24.1;2670;29.2;-78.8;3.4;0;0;0
0.869;0.968;0.04;1.4;24.2;2735;29.2;-78.7;3.9;0;0;0
0.885;0;0;0.26;24.1;2769;29.2;-78.6;3.7;0;0;0
0.9;0.964;0.04;1.4;24.1;2800;29.2;-78.2;4.1;0;0;0
0.937;0;0;0.8;23.9;2830;29.2;-78;3.6;0;0;0
0.964;0.723;0.03;1;24.1;2932;29.2;-77.8;3.9;0;0;0
0.979;0.241;0.01;0.68;24.1;2891;29.2;-77.5;3.9;0;0;0
0.996;1.205;0.05;1.55;24.1;2947;29.2;-77.6;4.2;0;0;0
1.026;0.242;0.01;1.1;24.2;3051;29.2;-77.6;3.9;0;0;0
1.057;0.72;0.03;1.21;24;3099;29.2;-79.4;4.2;0;0;0
1.074;0.241;0.01;0.87;24.1;3100;29.2;-79.8;4.1;0;0;0
1.091;1.21;0.05;1.58;24.2;3154;29.2;-80.4;4.5;0;0;0
1.124;0.241;0.01;0.96;24.1;3214;29.2;-80.6;3.9;0;0;0
1.155;0.723;0.03;1.06;24.1;3311;29.2;-81.4;4.4;0;0;0
1.166;0.241;0.01;0.88;24.1;3289;29.2;-81.6;4.5;0;0;0
1.187;0.96;0.04;1.47;24;3398;29.2;-81.9;4.7;0;0;0
1.217;0.241;0.01;1.03;24.1;3374;29.2;-82.6;4.5;0;0;0
1.246;0.964;0.04;1.42;24.1;3476;29.2;-83;4.5;0;0;0
1.267;0.241;0.01;0.98;24.1;3471;29.2;-81.9;4.6;0;0;0
1.277;2.169;0.09;2.2;24.1;3519;29.2;-81.7;5.1;0;0;0
1.308;0.241;0.01;1.09;24.1;3624;29.2;-80.8;4.6;0;0;0
1.346;0.726;0.03;0.94;24.2;3689;29.2;-80.1;4.8;0;0;0
1.356;0.241;0.01;1.06;24.1;3722;29.2;-79.9;4.6;0;0;0
1.377;1.205;0.05;1.33;24.1;3763;29.2;-79.6;5;0;0;0
1.406;0.241;0.01;0.82;24.1;3759;29.2;-78.6;4.7;0;0;0
1.436;0.964;0.04;1.69;24.1;3855;29.3;-80.2;5;0;0;0
1.455;0.241;0.01;1.44;24.1;3854;29.3;-81.2;5.2;0;0;0
1.466;2.169;0.09;2.1;24.1;3892;29.2;-81;5.6;0;0;0
1.496;0.241;0.01;1.06;24.1;3969;29.3;-79.9;5;0;0;0
1.526;0.484;0.02;0.99;24.2;3937;29.3;-79.3;5;0;0;0
1.546;0.482;0.02;0.93;24.1;3927;29.2;-78.9;5.3;0;0;0
1.556;2.178;0.09;2.04;24.2;3949;29.3;-79.1;5.9;0;0;0
1.589;0.242;0.01;0.84;24.2;4055;29.3;-78.9;5.3;0;0;0
1.62;0.964;0.04;1.08;24.1;4176;29.3;-79.7;5.5;0;0;0
1.634;0.241;0.01;0.87;24.1;4167;29.3;-79.3;5.5;0;0;0
1.651;1.694;0.07;1.6;24.2;4225;29.3;-79.3;5.8;0;0;0
1.684;0.24;0.01;0.73;24;4246;29.3;-78.9;5.4;0;0;0
1.715;1.205;0.05;1.42;24.1;4361;29.3;-78.3;5.9;0;0;0
1.731;0.482;0.02;1.22;24.1;4375;29.3;-78.2;5.6;0;0;0
1.747;1.687;0.07;1.66;24.1;4407;29.3;-77.8;6.1;0;0;0
1.777;0.241;0.01;1.15;24.1;4450;29.3;-77.8;5.6;0;0;0
1.807;1.2;0.05;1.44;24;4557;29.3;-77.6;6.1;0;0;0
1.825;0.48;0.02;1.1;24;4577;29.3;-78.2;5.7;0;0;0
1.843;1.68;0.07;1.58;24;4608;29.3;-79;6.4;0;0;0
1.875;0.241;0.01;1.22;24.1;4677;29.4;-80.2;5.8;0;0;0
1.907;1.21;0.05;1.4;24.2;4750;29.4;-80.6;6.3;0;0;0
1.916;0.242;0.01;0.98;24.2;4754;29.3;-80.8;6;0;0;0
1.936;1.687;0.07;1.83;24.1;4842;29.3;-80.7;6.4;0;0;0
1.966;0.242;0.01;0.85;24.2;4839;29.3;-80.1;6.1;0;0;0
1.997;1.21;0.05;1.17;24.2;4960;29.4;-81.7;6.4;0;0;0
2.016;0.482;0.02;0.97;24.1;4928;29.4;-82.7;6.6;0;0;0
2.027;2.651;0.11;2.21;24.1;4963;29.4;-83.1;7.2;0;0;0
2.057;0.482;0.02;0.42;24.1;5054;29.4;-83.5;6.4;0;0;0
2.096;0.96;0.04;1.28;24;5148;29.4;-83;6.8;0;0;0
2.106;0.482;0.02;1.06;24.1;5154;29.4;-83.4;6.4;0;0;0
2.125;1.92;0.08;1.68;24;5227;29.4;-83.9;6.8;0;0;0
2.157;0.482;0.02;0.68;24.1;5232;29.4;-83.6;6.7;0;0;0
2.186;1.687;0.07;1.68;24.1;5313;29.4;-84.3;7.1;0;0;0
2.196;0.482;0.02;1.14;24.1;5318;29.4;-84.5;6.9;0;0;0
2.212;0.72;0.03;1.39;24;5344;29.4;-84.8;6.8;0;0;0
2.244;0.964;0.04;1.19;24.1;5310;29.4;-85;7;0;0;0
2.275;1.452;0.06;1.46;24.2;5433;29.3;-84.8;7.3;0;0;0
2.291;0.482;0.02;1.36;24.1;5469;29.4;-84.3;6.7;0;0;0
2.307;2.16;0.09;1.84;24;5484;29.4;-84.4;7.5;0;0;0
2.339;0.241;0.01;0.55;24.1;5544;29.4;-84.9;7.2;0;0;0
2.372;1.2;0.05;0.96;24;5649;29.5;-84.8;7.4;0;0;0
2.385;0.484;0.02;0.47;24.2;5659;29.5;-84.7;7.2;0;0;0
2.403;2.169;0.09;1.59;24.1;5733;29.5;-85.1;7.6;0;0;0
2.436;0.482;0.02;1.05;24.1;5754;29.5;-84.1;7.4;0;0;0
2.467;1.452;0.06;1.35;24.2;5862;29.4;-83.7;7.4;0;0;0
2.483;0.24;0.01;0.54;24;5839;29.4;-83.8;7.4;0;0;0
2.496;2.892;0.12;1.75;24.1;5887;29.4;-83.9;8.1;0;0;0
2.527;0.484;0.02;1.08;24.2;5967;29.5;-83.4;7.4;0;0;0
2.558;1.446;0.06;1.4;24.1;6052;29.4;-83.7;7.6;0;0;0
2.575;0.24;0.01;0.26;24;6030;29.4;-83.6;7.8;0;0;0
2.595;2.42;0.1;1.86;24.2;6116;29.4;-83.4;8.1;0;0;0
2.628;0.241;0.01;0.45;24.1;6151;29.4;-83.5;7.6;0;0;0
2.656;1.446;0.06;1.31;24.1;6232;29.4;-83.9;8;0;0;0
2.666;0.482;0.02;0.14;24.1;6251;29.4;-83.7;7.8;0;0;0
2.686;1.687;0.07;1.14;24.1;6328;29.4;-83.7;8.3;0;0;0
2.716;0.482;0.02;1;24.1;6327;29.4;-83.3;8.2;0;0;0
2.746;1.694;0.07;1.38;24.2;6449;29.4;-83.6;8.1;0;0;0
2.766;0.482;0.02;0.25;24.1;6434;29.5;-83.5;8.1;0;0;0
2.776;3.615;0.15;1.99;24.1;6441;29.4;-83.3;9;0;0;0
2.806;0.482;0.02;0.46;24.1;6544;29.5;-83.6;8.3;0;0;0
2.846;1.205;0.05;1.26;24.1;6676;29.4;-81.3;8.1;0;0;0
2.855;0.482;0.02;0.15;24.1;6666;29.4;-81.5;8.1;0;0;0
2.876;2.169;0.09;1.48;24.1;6712;29.5;-82.4;8.9;0;0;0
2.907;0.482;0.02;0.8;24.1;6765;29.5;-82.3;8.3;0;0;0
2.932;1.928;0.08;1.4;24.1;6834;29.5;-83;8.8;0;0;0
2.947;0.241;0.01;0.4;24.1;6850;29.4;-82.9;8.8;0;0;0
2.963;0.726;0.03;1.01;24.2;6819;29.4;-82.7;8.7;0;0;0
2.996;1.205;0.05;1.32;24.1;6796;29.5;-82.8;8.6;0;0;0
3.026;1.687;0.07;1.21;24.1;6931;29.5;-81.6;9;0;0;0
3.044;0.241;0.01;0.25;24.1;6938;29.5;-80.6;8.8;0;0;0
3.056;3.374;0.14;1.85;24.1;6960;29.5;-80.3;9.4;0;0;0
3.091;0.482;0.02;0.48;24.1;7042;29.5;-79.5;8.9;0;0;0
3.124;1.687;0.07;1.5;24.1;7122;29.5;-78.8;9;0;0;0
3.135;0.723;0.03;-0.07;24.1;7116;29.5;-78.6;9.1;0;0;0
3.155;2.651;0.11;1.62;24.1;7201;29.4;-78.3;9.4;0;0;0
3.186;0.24;0.01;0.5;24;7255;29.5;-77.6;9;0;0;0
3.216;1.68;0.07;1.23;24;7330;29.5;-78.9;9.5;0;0;0
3.235;0.482;0.02;0.42;24.1;7340;29.5;-78.2;9.2;0;0;0
3.246;3.615;0.15;2.18;24.1;7353;29.5;-78.1;10.1;0;0;0
3.276;0.482;0.02;0.46;24.1;7439;29.5;-77.8;9.5;0;0;0
3.306;1.446;0.06;0.99;24.1;7556;29.5;-77.8;9.6;0;0;0
3.325;0.241;0.01;0.36;24.1;7542;29.5;-77.8;9.3;0;0;0
3.346;2.662;0.11;1.71;24.2;7619;29.5;-77.8;9.9;0;0;0
3.376;0.242;0.01;0.21;24.2;7644;29.6;-77.7;9.7;0;0;0
3.406;1.68;0.07;0.99;24;7735;29.6;-79.3;10;0;0;0
3.415;0.241;0.01;0.34;24.1;7735;29.6;-79.9;9.8;0;0;0
3.436;2.178;0.09;1.34;24.2;7821;29.5;-79.2;10.3;0;0;0
3.467;0.482;0.02;0.35;24.1;7841;29.5;-78.6;9.9;0;0;0
3.496;1.928;0.08;1.09;24.1;7931;29.5;-78.1;10.1;0;0;0
3.516;0.482;0.02;0.17;24.1;7929;29.5;-77.8;9.9;0;0;0
3.526;4.08;0.17;2.02;24;7961;29.6;-77.8;10.8;0;0;0
3.557;0.482;0.02;0.57;24.1;8063;29.5;-77.4;10.1;0;0;0
3.588;1.44;0.06;1.06;24;8149;29.5;-77.3;10.4;0;0;0
3.606;0.241;0.01;0.3;24.1;8149;29.6;-77.9;10.3;0;0;0
3.62;3.63;0.15;1.7;24.2;8183;29.6;-78.9;10.9;0;0;0
3.651;0.242;0.01;0.51;24.2;8265;29.6;-80.9;10.3;0;0;0
3.683;0.968;0.04;0.82;24.2;8202;29.6;-79.2;10.3;0;0;0
3.696;1.446;0.06;1.39;24.1;8203;29.6;-78.7;10.3;0;0;0
3.715;2.892;0.12;1.57;24.1;8290;29.6;-78.2;10.9;0;0;0
3.746;0.241;0.01;0.24;24.1;8342;29.6;-80.1;10.5;0;0;0
3.776;1.694;0.07;1.04;24.2;8452;29.6;-78.6;10.8;0;0;0
3.794;0.24;0.01;0.31;24;8470;29.6;-77.9;10.5;0;0;0
3.806;3.615;0.15;1.82;24.1;8488;29.6;-78.7;11.4;0;0;0
3.844;0.482;0.02;0.53;24.1;8532;29.6;-80.9;10.7;0;0;0
3.875;1.92;0.08;1.21;24;8630;29.7;-82;11;0;0;0
3.887;0.482;0.02;0.22;24.1;8630;29.6;-82.1;10.8;0;0;0
3.907;2.904;0.12;1.8;24.2;8702;29.7;-82.8;11.3;0;0;0
3.936;0.241;0.01;0.12;24.1;8730;29.6;-84.1;10.9;0;0;0
3.966;1.928;0.08;0.91;24.1;8823;29.6;-84.4;11.2;0;0;0
3.986;0.72;0.03;0.48;24;8823;29.7;-84.7;11.2;0;0;0
3.997;4.82;0.2;2.22;24.1;8845;29.7;-84.8;11.8;0;0;0
4.026;0.482;0.02;0.4;24.1;8937;29.7;-84.5;11.3;0;0;0
4.056;1.928;0.08;1.1;24.1;9032;29.7;-84.1;11.5;0;0;0
4.075;0.241;0.01;0.22;24.1;9032;29.7;-84.1;11.4;0;0;0
4.095;2.892;0.12;1.38;24.1;9107;29.7;-84.5;11.8;0;0;0
4.126;0.48;0.02;0.34;24;9132;29.7;-83.8;11.4;0;0;0
4.156;2.169;0.09;1.17;24.1;9243;29.7;-84.7;11.8;0;0;0
4.165;0.242;0.01;0.31;24.2;9247;29.7;-84.8;11.7;0;0;0
4.186;2.41;0.1;1.32;24.1;9319;29.7;-84.8;12;0;0;0
4.217;0.24;0.01;0.22;24;9337;29.7;-85.4;11.7;0;0;0
4.246;2.169;0.09;1.18;24.1;9433;29.7;-85.4;12;0;0;0
4.265;0.48;0.02;0.32;24;9444;29.6;-86.3;11.8;0;0;0
4.276;4.598;0.19;1.96;24.2;9471;29.6;-86.2;12.5;0;0;0
4.313;0.482;0.02;0.41;24.1;9538;29.7;-85.9;12;0;0;0
4.339;2.41;0.1;1.11;24.1;9632;29.7;-85.4;12.3;0;0;0
4.355;0;0;0.31;24.1;9657;29.7;-85.5;12.2;0;0;0
4.371;3.146;0.13;1.41;24.2;9720;29.7;-84.8;12.4;0;0;0
4.404;0.242;0.01;0.26;24.2;9742;29.7;-85.1;12.1;0;0;0
4.435;1.928;0.08;1.03;24.1;9842;29.7;-85;12.4;0;0;0
4.451;0.482;0.02;0.3;24.1;9832;29.7;-85.2;12.3;0;0;0
4.467;4.08;0.17;1.84;24;9886;29.7;-85.3;12.7;0;0;0
4.496;0.242;0.01;0.14;24.2;9931;29.8;-85.1;12.5;0;0;0
4.526;1.44;0.06;1.07;24;9898;29.7;-84.8;12.6;0;0;0
4.546;1.44;0.06;1.1;24;9901;29.7;-85.1;12.5;0;0;0
4.556;4.84;0.2;2;24.2;9945;29.8;-84.9;13.3;0;0;0
4.593;0.482;0.02;0.39;24.1;10076;29.8;-83.7;12.6;0;0;0
4.625;1.687;0.07;0.89;24.1;10159;29.7;-83.5;12.8;0;0;0
4.635;0.241;0.01;0.16;24.1;10156;29.8;-83.6;12.6;0;0;0
4.657;2.904;0.12;1.32;24.2;10227;29.8;-84.1;13.1;0;0;0
4.686;0.24;0.01;0.3;24;10247;29.8;-84.2;12.8;0;0;0
4.716;2.178;0.09;1.08;24.2;10338;29.6;-81.6;13.1;0;0;0
4.735;0.482;0.02;0.34;24.1;10337;29.7;-80.7;12.8;0;0;0
4.746;4.82;0.2;1.83;24.1;10352;29.7;-80.1;13.7;0;0;0
4.776;0.482;0.02;0.43;24.1;10460;29.6;-78.9;13.1;0;0;0
4.806;1.928;0.08;1.01;24.1;10549;29.6;-78.2;13.3;0;0;0
4.825;0.24;0.01;0.18;24;10537;29.7;-77.6;13.2;0;0;0
4.842;3.856;0.16;1.63;24.1;10594;29.7;-77.7;13.7;0;0;0
4.874;0.243;0.01;0.19;24.3;10641;29.6;-76.8;13.3;0;0;0
4.905;2.169;0.09;0.98;24.1;10741;29.7;-77.1;13.7;0;0;0
4.915;0.24;0.01;0.3;24;10748;29.7;-77.3;13.5;0;0;0
4.935;2.892;0.12;1.1;24.1;10825;29.7;-77.3;13.8;0;0;0
4.963;0.482;0.02;0.24;24.1;10837;29.7;-77.6;13.4;0;0;0
4.995;2.16;0.09;1.08;24;10945;29.7;-77.7;13.9;0;0;0
5.011;0.482;0.02;0.14;24.1;10959;29.7;-77.5;13.6;0;0;0
5.027;3.856;0.16;1.75;24.1;10991;29.7;-77.6;14.2;0;0;0
5.056;0.241;0.01;0.21;24.1;11041;29.7;-77.5;13.8;0;0;0
5.088;1.928;0.08;0.86;24.1;11146;29.7;-76.8;14.2;0;0;0
5.105;0.482;0.02;0.24;24.1;11148;29.7;-76.2;13.8;0;0;0
5.123;3.374;0.14;1.28;24.1;11217;29.7;-76.1;14.3;0;0;0
5.156;0.242;0.01;0.09;24.2;11248;29.7;-75.7;14.2;0;0;0
5.185;2.169;0.09;0.94;24.1;11345;29.8;-79.3;14.4;0;0;0
5.201;0.24;0.01;0.13;24;11344;29.8;-80.4;14.3;0;0;0
5.215;0.968;0.04;0.51;24.2;11327;29.8;-81.2;14.2;0;0;0
5.246;1.446;0.06;0.97;24.1;11302;29.8;-82.5;14.2;0;0;0
5.276;2.41;0.1;1.03;24.1;11447;29.8;-82.8;14.7;0;0;0
5.293;0.242;0.01;0.34;24.2;11477;29.9;-82.7;14.4;0;0;0
5.306;3.872;0.16;1.41;24.2;11517;29.9;-83.2;14.9;0;0;0
5.34;0.241;0.01;0.29;24.1;11567;29.8;-83.2;14.3;0;0;0
5.376;1.92;0.08;0.79;24;11651;29.8;-84.2;14.5;0;0;0
5.385;0.241;0.01;-0.11;24.1;11650;29.8;-83.7;14.5;0;0;0
5.402;3.872;0.16;1.57;24.2;11693;29.8;-82.7;15;0;0;0
5.433;0.241;0.01;0.1;24.1;11735;29.8;-81.2;14.6;0;0;0
5.464;2.169;0.09;0.92;24.1;11835;29.7;-79.1;15;0;0;0
5.479;0.482;0.02;0.11;24.1;11832;29.7;-78.6;14.8;0;0;0
5.496;4.338;0.18;1.51;24.1;11889;29.7;-78;15.3;0;0;0
5.527;0.239;0.01;0.2;23.9;11944;29.8;-79.7;14.9;0;0;0
5.557;2.41;0.1;1.01;24.1;12028;29.8;-81.8;15.1;0;0;0
5.572;0.482;0.02;0.15;24.1;12024;29.8;-82.3;15;0;0;0
5.588;4.356;0.18;1.68;24.2;12074;29.8;-82.8;15.5;0;0;0
5.62;0.242;0.01;0.18;24.2;12153;29.8;-83.6;15.1;0;0;0
5.651;2.16;0.09;0.99;24;12244;29.8;-81.8;15.5;0;0;0
5.667;0;0;-0.02;24.1;12253;29.8;-80.8;15.5;0;0;0
5.684;4.114;0.17;1.52;24.2;12309;29.7;-79.8;15.6;0;0;0
5.716;0;0;0.1;24.2;12346;29.8;-78.5;15.5;0;0;0
5.746;2.662;0.11;0.99;24.2;12439;29.8;-77.7;15.7;0;0;0
5.763;0;0;0.03;24;12448;29.8;-78.5;15.6;0;0;0
5.776;4.8;0.2;1.58;24;12484;29.8;-79;16.1;0;0;0
5.806;0.241;0.01;0.21;24.1;12550;29.8;-78.9;15.8;0;0;0
5.843;1.936;0.08;0.63;24.2;12668;29.8;-78.7;15.9;0;0;0
5.855;0.241;0.01;0.17;24.1;12663;29.8;-78.5;15.8;0;0;0
5.875;3.374;0.14;1.25;24.1;12723;29.8;-78.1;16.2;0;0;0
5.906;0.242;0.01;0.15;24.2;12761;29.8;-78.2;15.8;0;0;0
5.936;2.41;0.1;0.95;24.1;12846;29.8;-78;16.2;0;0;0
5.946;0;0;0.03;24.2;12859;29.8;-77.9;16.1;0;0;0
5.966;0.482;0.02;0.24;24.1;12843;29.8;-77.6;15.9;0;0;0
5.996;1.446;0.06;0.96;24.1;12799;29.8;-77.5;16;0;0;0
6.026;2.41;0.1;0.89;24.1;12943;29.8;-77.4;16.5;0;0;0
6.046;0.241;0.01;0.23;24.1;12972;29.8;-77.5;16.2;0;0;0
6.056;5.566;0.23;1.89;24.2;12993;29.8;-77.3;16.7;0;0;0
6.097;0.241;0.01;0.24;24.1;13048;29.8;-77.6;16.2;0;0;0
6.126;2.42;0.1;0.86;24.2;13134;29.8;-77.7;16.6;0;0;0
6.135;0;0;-0.02;24.1;13143;29.8;-77.4;16.6;0;0;0
6.156;3.133;0.13;1.27;24.1;13220;29.8;-77;16.8;0;0;0
6.187;0.241;0.01;0.09;24.1;13256;29.8;-77.2;16.4;0;0;0
6.216;2.41;0.1;0.91;24.1;13329;29.8;-77.8;16.8;0;0;0
6.235;0.482;0.02;0.12;24.1;13331;29.8;-78.2;16.6;0;0;0
6.243;6.507;0.27;1.96;24.1;13345;29.8;-78.1;17.5;0;0;0
6.275;0.723;0.03;0.42;24.1;13449;29.8;-77.8;16.8;0;0;0
6.306;2.169;0.09;0.9;24.1;13549;29.8;-78.1;17.1;0;0;0
6.322;0;0;0.06;24.2;13543;29.8;-77.9;17;0;0;0
6.339;4.579;0.19;1.45;24.1;13599;29.8;-77.9;17.3;0;0;0
6.371;0;0;0.02;24.1;13650;29.8;-77.7;17.2;0;0;0
6.403;2.41;0.1;0.89;24.1;13743;29.8;-78.9;17.3;0;0;0
6.416;0.241;0.01;0.12;24.1;13754;29.8;-79.2;17.1;0;0;0
6.435;3.388;0.14;1.16;24.2;13815;29.8;-79.9;17.7;0;0;0
6.467;0.241;0.01;0.1;24.1;13866;29.8;-80.9;17.2;0;0;0
6.496;2.169;0.09;0.89;24.1;13957;29.9;-81.9;17.8;0;0;0
6.515;0.242;0.01;0.23;24.2;13981;29.8;-82.1;17.5;0;0;0
6.526;4.82;0.2;1.65;24.1;14012;29.9;-81.3;17.9;0;0;0
6.556;0.241;0.01;0.18;24.1;14079;29.9;-80.6;17.6;0;0;0
6.595;1.687;0.07;0.71;24.1;14157;29.8;-80.2;17.6;0;0;0
6.605;0;0;0.05;24.1;14145;29.8;-80.2;17.6;0;0;0
6.626;3.615;0.15;1.25;24.1;14210;29.8;-79.5;18.1;0;0;0
6.656;0.241;0.01;0.08;24.1;14246;29.9;-78.9;17.8;0;0;0
6.686;2.4;0.1;0.76;24;14342;29.9;-78.9;18.1;0;0;0
6.705;0.24;0.01;0.19;24;14351;29.9;-79.8;17.9;0;0;0
6.716;5.784;0.24;1.5;24.1;14378;29.9;-80.3;18.5;0;0;0
6.746;0.48;0.02;0.27;24;14443;29.8;-78.9;17.9;0;0;0
6.776;0.723;0.03;0.38;24.1;14403;29.8;-77.8;18.1;0;0;0
6.795;1.687;0.07;0.78;24.1;14392;29.8;-77;18;0;0;0
6.806;6.989;0.29;2.11;24.1;14419;29.9;-78;18.8;0;0;0
6.837;0.482;0.02;0.27;24.1;14553;29.9;-79.5;18.4;0;0;0
6.876;1.446;0.06;0.54;24.1;14686;30;-81.1;18.5;0;0;0
6.886;0.482;0.02;0.21;24.1;14683;29.9;-81.9;18.3;0;0;0
6.907;3.133;0.13;0.98;24.1;14738;29.9;-82.3;18.6;0;0;0
6.936;0.24;0.01;0.1;24;14747;30;-82.3;18.3;0;0;0
6.963;2.892;0.12;0.82;24.1;14831;30;-83.1;18.7;0;0;0
6.979;0;0;0.06;24.1;14858;30;-83.1;18.7;0;0;0
6.995;3.856;0.16;1.22;24.1;14920;30;-83.3;19;0;0;0
7.027;0.241;0.01;0.16;24.1;14984;30;-83.9;18.7;0;0;0
7.056;2.178;0.09;0.61;24.2;15056;30;-84.1;19;0;0;0
7.074;0.241;0.01;0.14;24.1;15059;30;-84.2;18.7;0;0;0
7.087;5.061;0.21;1.51;24.1;15086;30;-84;19.3;0;0;0
7.123;0.241;0.01;0.12;24.1;15151;30;-84.3;18.9;0;0;0
7.155;2.41;0.1;0.73;24.1;15247;30;-84.4;19.2;0;0;0
7.166;0;0;0.06;24.1;15253;30;-84.4;19.1;0;0;0
7.186;3.374;0.14;1.14;24.1;15318;30;-84.5;19.5;0;0;0
7.217;0.242;0.01;0.15;24.2;15353;29.9;-84.3;19.1;0;0;0
7.246;2.64;0.11;0.79;24;15438;29.9;-84.1;19.4;0;0;0
7.27;0;0;0.07;24.1;15436;29.9;-82.3;19.3;0;0;0
7.276;7.502;0.31;1.77;24.2;15439;29.9;-81.8;20;0;0;0
7.307;1.205;0.05;0.45;24.1;15537;29.9;-79.9;19.6;0;0;0
7.337;2.178;0.09;0.67;24.2;15659;29.9;-81.4;19.8;0;0;0
7.357;0.242;0.01;0.15;24.2;15680;30;-82;19.5;0;0;0
7.377;3.146;0.13;1.12;24.2;15735;29.9;-82.5;19.9;0;0;0
7.407;0.241;0.01;0.12;24.1;15764;29.9;-84.1;19.5;0;0;0
7.436;2.42;0.1;0.74;24.2;15841;30;-85;20;0;0;0
7.456;0.242;0.01;0.11;24.2;15849;30;-85.3;19.8;0;0;0
7.464;7.23;0.3;1.74;24.1;15862;29.9;-84.7;20.5;0;0;0
7.497;0.484;0.02;0.25;24.2;15971;29.9;-82.5;20;0;0;0
7.525;0.241;0.01;0.12;24.1;15950;29.9;-81.4;19.7;0;0;0
7.542;0.968;0.04;0.35;24.2;15916;30;-82.5;19.8;0;0;0
7.556;6.534;0.27;1.77;24.2;15948;30;-83.3;20.5;0;0;0
7.588;0.482;0.02;0.21;24.1;16039;30;-83.6;20.1;0;0;0
7.619;2.16;0.09;0.7;24;16146;30;-84.5;20.4;0;0;0
7.635;0.24;0.01;0.15;24;16160;30;-84.8;20.2;0;0;0
7.651;4.114;0.17;1.3;24.2;16206;30;-85;20.6;0;0;0
7.683;0.241;0.01;0.08;24.1;16266;30;-84.8;20.4;0;0;0
7.715;2.169;0.09;0.66;24.1;16361;30;-84.1;20.7;0;0;0
7.73;0.482;0.02;0.12;24.1;16374;30.1;-84;20.4;0;0;0
7.747;3.615;0.15;1.24;24.1;16420;30.1;-83.8;20.9;0;0;0
7.777;0.242;0.01;0.1;24.2;16466;30;-83.9;20.5;0;0;0
7.806;2.41;0.1;0.72;24.1;16548;30.1;-84.4;20.8;0;0;0
7.827;0;0;0.11;24.2;16553;30;-84.8;20.7;0;0;0
7.843;5.082;0.21;1.44;24.2;16593;30;-85.1;21;0;0;0
7.873;0;0;0.1;24.2;16631;30;-85.7;20.8;0;0;0
7.907;2.4;0.1;0.67;24;16738;29.9;-82.7;21.1;0;0;0
7.915;0.723;0.03;0.25;24.1;16746;29.9;-82;20.9;0;0;0
7.936;3.133;0.13;0.82;24.1;16823;29.9;-80.6;21.3;0;0;0
7.967;0;0;0.03;24.2;16874;29.9;-79.2;21.2;0;0;0
7.997;2.4;0.1;0.75;24;16952;29.9;-77.9;21.2;0;0;0
8.015;0;0;0.07;24.2;16952;30;-79.5;21.1;0;0;0
8.025;6.292;0.26;1.51;24.2;16967;30;-80.1;21.7;0;0;0
8.056;0.482;0.02;0.19;24.1;17050;30;-81;21.4;0;0;0
8.096;1.694;0.07;0.51;24.2;17165;30;-82;21.6;0;0;0
8.106;0.242;0.01;0.13;24.2;17163;30;-82.4;21.4;0;0;0
8.125;3.615;0.15;0.89;24.1;17225;30;-83.3;21.8;0;0;0
8.157;0.241;0.01;0.09;24.1;17268;30;-84;21.4;0;0;0
8.186;2.169;0.09;0.6;24.1;17347;30;-83.7;21.9;0;0;0
8.197;0.482;0.02;0.09;24.1;17357;30;-83.7;21.7;0;0;0
8.216;0.242;0.01;0.12;24.2;17340;30;-83.8;21.5;0;0;0
8.243;0.96;0.04;0.31;24;17295;30;-84;21.5;0;0;0
8.275;3.133;0.13;0.83;24.1;17414;30;-83.5;22.1;0;0;0
8.291;0.48;0.02;0.1;24;17447;30;-83.8;21.9;0;0;0
8.307;3.872;0.16;1.01;24.2;17503;30;-83.5;22.3;0;0;0
8.339;0.482;0.02;0.14;24.1;17554;30.1;-83.6;21.8;0;0;0
8.371;2.4;0.1;0.61;24;17641;30;-82.2;22.2;0;0;0
8.384;0;0;0.03;24.1;17660;29.9;-81.4;22.2;0;0;0
8.4;4.114;0.17;1.08;24.2;17714;30;-81.1;22.4;0;0;0
8.432;0;0;0.08;24.1;17769;30;-80.3;22.3;0;0;0
8.462;2.151;0.09;0.58;23.9;17851;30;-80.1;22.5;0;0;0
8.482;0.24;0.01;0.08;24;17862;30;-79.8;22.3;0;0;0
8.496;4.82;0.2;1.29;24.1;17900;30;-79.5;22.7;0;0;0
8.526;0.241;0.01;0.11;24.1;17962;30;-79.2;22.5;0;0;0
8.556;2.169;0.09;0.65;24.1;18058;30.1;-80.3;22.8;0;0;0
8.576;0.241;0.01;0.12;24.1;18070;30.1;-80.9;22.6;0;0;0
8.595;3.63;0.15;0.92;24.2;18127;30;-79.9;22.9;0;0;0
8.627;0.241;0.01;0.1;24.1;18162;30;-78.4;22.7;0;0;0
8.656;2.629;0.11;0.65;23.9;18245;30;-77.4;22.9;0;0;0
8.665;0;0;-0.01;24.1;18259;30;-77.6;22.9;0;0;0
8.686;2.892;0.12;0.88;24.1;18334;30.1;-79.7;23.2;0;0;0
8.716;0.24;0.01;0.1;24;18382;30.1;-80.5;23;0;0;0
8.747;2.169;0.09;0.53;24.1;18455;30.1;-81.6;23.2;0;0;0
8.765;0;0;0.06;24.1;18456;30;-82.4;23.1;0;0;0
8.776;6.989;0.29;1.65;24.1;18479;30.1;-82.5;23.5;0;0;0
8.806;0.24;0.01;0.15;24;18550;30.1;-83.4;23.2;0;0;0
8.846;1.694;0.07;0.42;24.2;18674;30;-84.4;23.4;0;0;0
8.855;0;0;0.01;24;18677;30;-83.3;23.4;0;0;0
8.876;3.133;0.13;0.87;24.1;18736;30;-81.7;23.6;0;0;0
8.907;0;0;0.04;24.1;18774;30.1;-81.8;23.5;0;0;0
8.936;2.43;0.1;0.68;24.3;18844;30.1;-83.4;23.6;0;0;0
8.948;0;0;0.06;24.1;18851;30.1;-83.9;23.6;0;0;0
8.963;0.241;0.01;0.1;24.1;18836;30.1;-84;23.4;0;0;0
8.995;0.723;0.03;0.22;24.1;18779;30;-85;23.5;0;0;0
9.027;3.615;0.15;0.81;24.1;18898;30.1;-84.6;23.8;0;0;0
9.044;0;0;0;24.2;18937;30.1;-84.9;23.9;0;0;0
9.056;5.566;0.23;1.51;24.2;18980;30.1;-84.7;24.1;0;0;0
9.091;0.241;0.01;0.07;24.1;19075;30;-82.5;23.8;0;0;0
9.141;1.446;0.06;0.37;24.1;19174;30;-80.8;23.9;0;0;0
9.159;3.133;0.13;0.67;24.1;19238;30;-80.4;24.3;0;0;0
9.186;0;0;0.1;24.1;19272;30.1;-81.5;24.1;0;0;0
9.216;2.169;0.09;0.54;24.1;19365;30.1;-82.5;24.3;0;0;0
9.235;0;0;0.06;24.1;19397;30.1;-82;24.3;0;0;0
9.246;4.08;0.17;0.88;24;19434;30.1;-81.9;24.7;0;0;0
9.276;0.241;0.01;0.08;24.1;19508;30;-81.2;24.5;0;0;0
9.306;1.446;0.06;0.41;24.1;19580;30;-80.3;24.7;0;0;0
9.325;0.241;0.01;0.04;24.1;19590;30.1;-80.1;24.5;0;0;0
9.347;3.133;0.13;0.78;24.1;19634;30.1;-79.3;24.8;0;0;0
9.376;0.241;0.01;0.07;24.1;19654;30;-79.2;24.5;0;0;0
9.405;2.41;0.1;0.56;24.1;19731;30;-78.5;24.8;0;0;0
9.416;0;0;0.06;24.1;19745;30;-78.2;24.8;0;0;0
9.437;3.374;0.14;0.85;24.1;19815;30;-79.3;25;0;0;0
9.467;0;0;0.05;24.1;19870;30;-78.7;25;0;0;0
9.495;2.169;0.09;0.53;24.1;19957;30.1;-78.3;25.2;0;0;0
9.516;0.241;0.01;0.08;24.1;19979;30;-77.8;25.1;0;0;0
9.526;6.266;0.26;1.32;24.1;19997;30;-77.8;25.4;0;0;0
9.556;0.24;0.01;0.15;24;20066;30;-77.8;25.1;0;0;0
9.589;1.936;0.08;0.44;24.2;20159;30;-77.6;25.3;0;0;0
9.604;0.241;0.01;0.13;24.1;20169;30;-78;25.2;0;0;0
9.62;3.856;0.16;0.9;24.1;20207;30;-78.1;25.5;0;0;0
9.651;0.242;0.01;0.13;24.2;20221;30.1;-77.8;25.1;0;0;0
9.683;0.482;0.02;0.12;24.1;20173;30;-77.3;25.1;0;0;0
9.699;1.44;0.06;0.32;24;20155;30;-78.2;25.1;0;0;0
9.716;5.784;0.24;1.25;24.1;20237;30;-79.7;25.7;0;0;0
9.747;0.241;0.01;0.09;24.1;20351;30.1;-82.1;25.6;0;0;0
9.776;1.687;0.07;0.4;24.1;20485;30.1;-83.7;26;0;0;0
9.795;0.482;0.02;0.08;24.1;20526;30.1;-84.2;25.7;0;0;0
9.807;3.872;0.16;0.86;24.2;20556;30.1;-84;25.9;0;0;0
9.843;0;0;0.08;24.1;20580;30.1;-85.8;25.7;0;0;0
9.875;2.178;0.09;0.51;24.2;20648;30.2;-86;26;0;0;0
9.886;0;0;0.02;24.1;20667;30.1;-86.2;26;0;0;0
9.907;2.662;0.11;0.61;24.2;20737;30.1;-86.4;26.2;0;0;0
9.936;0.241;0.01;0.06;24.1;20786;30.1;-86.5;26;0;0;0
9.966;2.169;0.09;0.5;24.1;20856;30.1;-84.5;26.2;0;0;0
9.985;0;0;0.04;24.1;20876;30;-83.3;26.1;0;0;0
9.996;5.784;0.24;1.15;24.1;20895;30.1;-82.8;26.4;0;0;0
10.026;0.242;0.01;0.09;24.2;20959;30.1;-81.2;26.2;0;0;0
10.056;1.936;0.08;0.47;24.2;21050;30.1;-80.2;26.5;0;0;0
10.076;0;0;0.05;24;21069;30.1;-81.3;26.5;0;0;0
10.096;3.146;0.13;0.7;24.2;21125;30.1;-82.4;26.8;0;0;0
10.127;0.242;0.01;0.08;24.2;21168;30.1;-83.6;26.5;0;0;0
10.156;2.169;0.09;0.46;24.1;21251;30.2;-83.7;26.7;0;0;0
10.165;0;0;0.11;24.1;21263;30.2;-84;26.7;0;0;0
10.186;2.651;0.11;0.59;24.1;21332;30.1;-83.9;27;0;0;0
10.216;0.241;0.01;0.08;24.1;21378;30.1;-82.5;26.7;0;0;0
10.246;1.936;0.08;0.42;24.2;21455;30.1;-81.2;26.9;0;0;0
10.26;0;0;0.06;24.1;21476;30.1;-80.7;26.9;0;0;0
10.275;3.374;0.14;0.71;24.1;21522;30.1;-80.7;27.3;0;0;0
10.31;0.241;0.01;0.08;24.1;21594;30.1;-80.1;27;0;0;0
10.339;1.68;0.07;0.35;24;21669;30.1;-79.4;27.3;0;0;0
10.356;0.242;0.01;0.06;24.2;21685;30.1;-79.1;27.2;0;0;0
10.371;3.615;0.15;0.82;24.1;21727;30.1;-78.7;27.5;0;0;0
10.403;0.241;0.01;0.04;24.1;21781;30.1;-78.6;27.3;0;0;0
10.435;1.92;0.08;0.4;24;21857;30.1;-78.3;27.5;0;0;0
10.447;0;0;0.03;24.1;21871;30.1;-78.2;27.5;0;0;0
10.467;0;0;0.03;24.1;21867;30.1;-78;27.4;0;0;0
10.496;0;0;0.06;24.1;21823;30.1;-79.8;27.2;0;0;0
10.526;2.892;0.12;0.65;24.1;21907;30.1;-80.7;27.7;0;0;0
10.545;0.241;0.01;0.05;24.1;21942;30.1;-81.4;27.5;0;0;0
10.556;5.566;0.23;1.26;24.2;21974;30.2;-81.6;27.8;0;0;0
10.595;0.242;0.01;0.07;24.2;22043;30.2;-82.4;27.5;0;0;0
10.627;2.169;0.09;0.44;24.1;22139;30.2;-82.7;27.9;0;0;0
10.635;0;0;0.01;24.1;22157;30.2;-82.9;27.9;0;0;0
10.656;2.41;0.1;0.52;24.1;22234;30.2;-83.3;28.2;0;0;0
10.686;0;0;0.04;24;22305;30.2;-82.6;28.1;0;0;0
10.716;1.452;0.06;0.33;24.2;22392;30.2;-83;28.2;0;0;0
10.736;0;0;0.09;24.2;22414;30.2;-82.5;28.1;0;0;0
10.746;4.82;0.2;1.03;24.1;22436;30.2;-82.6;28.2;0;0;0
10.777;0.241;0.01;0.08;24.1;22482;30.2;-82.6;28;0;0;0
10.806;1.68;0.07;0.34;24;22551;30.2;-83.4;28.4;0;0;0
10.825;0.241;0.01;0.07;24.1;22576;30.2;-82.8;28.2;0;0;0
10.847;2.41;0.1;0.49;24.1;22644;30.2;-83.1;28.5;0;0;0
10.877;0;0;0.04;24.1;22696;30.2;-84.3;28.5;0;0;0
10.906;1.687;0.07;0.42;24.1;22768;30.1;-84.8;28.7;0;0;0
10.915;0;0;-0.01;24;22788;30.2;-84.7;28.7;0;0;0
10.935;2.169;0.09;0.42;24.1;22863;30.1;-85.1;28.8;0;0;0
10.963;0.242;0.01;0.09;24.2;22906;30.2;-85;28.7;0;0;0
10.995;1.446;0.06;0.32;24.1;22981;30.3;-84.7;28.9;0;0;0
11.011;0;0;0.06;24.1;22994;30.2;-84.4;28.8;0;0;0
11.026;3.615;0.15;0.68;24.1;23024;30.2;-84.3;29;0;0;0
11.057;0;0;0.04;24.1;23065;30.1;-82.3;28.9;0;0;0
11.091;1.687;0.07;0.35;24.1;23146;30.2;-80.8;29.1;0;0;0
11.105;0.723;0.03;0.14;24.1;23153;30.2;-80.1;28.9;0;0;0
11.123;3.374;0.14;0.67;24.1;23193;30.2;-79.6;29.2;0;0;0
11.155;0.241;0.01;0.08;24.1;23220;30.2;-81.2;29;0;0;0
11.185;2.41;0.1;0.49;24.1;23303;30.2;-80.5;29.3;0;0;0
11.197;0;0;0;24;23326;30.1;-80.4;29.3;0;0;0
11.216;0.242;0.01;0.04;24.2;23345;30.2;-79.9;29.2;0;0;0
11.246;0;0;0.03;24;23356;30.1;-79.7;29.3;0;0;0
11.276;2.169;0.09;0.46;24.1;23420;30.1;-79.3;29.4;0;0;0
11.295;0;0;0.03;24.1;23435;30.2;-79.1;29.3;0;0;0
11.306;5.784;0.24;1.21;24.1;23463;30.1;-79.2;29.6;0;0;0
11.345;0;0;0.05;24.1;23545;30.1;-78.9;29.5;0;0;0
11.376;1.936;0.08;0.45;24.2;23640;30.1;-78.5;29.9;0;0;0
11.385;0.48;0.02;0.09;24;23660;30.2;-78.4;29.7;0;0;0
11.405;2.169;0.09;0.46;24.1;23733;30.2;-78.4;30;0;0;0
11.436;0;0;0.04;24.1;23806;30.2;-78.2;30;0;0;0
11.466;1.446;0.06;0.35;24.1;23883;30.2;-79.6;30.1;0;0;0
11.486;0;0;0.06;24;23892;30.2;-79.5;29.9;0;0;0
11.496;6.507;0.27;1.19;24.1;23907;30.2;-79.2;30;0;0;0
11.525;0;0;0.03;24.1;23962;30.1;-80.8;30;0;0;0
11.556;1.694;0.07;0.34;24.2;24049;30.1;-81.9;30.3;0;0;0
11.575;0.241;0.01;0.07;24.1;24067;30.2;-81.6;30.1;0;0;0
11.592;3.374;0.14;0.65;24.1;24112;30.2;-81.4;30.3;0;0;0
11.62;0;0;0.06;24;24151;30.2;-81.9;30.2;0;0;0
11.653;1.687;0.07;0.33;24.1;24233;30.2;-80.6;30.6;0;0;0
11.667;0.482;0.02;0.08;24.1;24256;30.2;-80.6;30.4;0;0;0
11.683;2.651;0.11;0.57;24.1;24311;30.2;-80.2;30.8;0;0;0
11.715;0.242;0.01;0.09;24.2;24375;30.2;-79.7;30.5;0;0;0
11.746;1.694;0.07;0.32;24.2;24445;30.2;-79.3;30.8;0;0;0
11.763;0.241;0.01;0.08;24.1;24471;30.1;-78.6;30.6;0;0;0
11.776;3.12;0.13;0.56;24;24509;30.1;-78;31;0;0;0
11.806;0.241;0.01;0.07;24.1;24585;30.1;-77.1;30.9;0;0;0
11.844;0.96;0.04;0.22;24;24685;30.2;-77.3;31.1;0;0;0
11.855;0.726;0.03;0.13;24.2;24697;30.3;-77.8;30.9;0;0;0
11.879;1.694;0.07;0.36;24.2;24758;30.2;-79.1;31.1;0;0;0
11.907;0;0;0.02;24;24790;30.2;-80.3;31.1;0;0;0
11.938;1.44;0.06;0.32;24;24861;30.2;-81.2;31.2;0;0;0
11.955;0.241;0.01;0.03;24.1;24877;30.2;-81.7;31.1;0;0;0
11.972;2.169;0.09;0.46;24.1;24926;30.2;-82.1;31.5;0;0;0
11.996;0.241;0.01;0.07;24.1;24970;30.2;-80.9;31.4;0;0;0
12.026;0;0;0.06;24.1;24980;30.2;-82.1;31.2;0;0;0
12.047;0;0;0.04;24.1;24963;30.3;-82.7;31.2;0;0;0
12.057;6.989;0.29;1.23;24.1;24974;30.3;-82.7;31.3;0;0;0
12.093;0;0;0.05;24.2;25011;30.2;-82.7;31.4;0;0;0
12.126;2.178;0.09;0.4;24.2;25103;30.2;-83.1;31.6;0;0;0
12.135;0.241;0.01;0.09;24.1;25118;30.2;-82.9;31.6;0;0;0
12.154;2.651;0.11;0.51;24.1;25196;30.2;-83.3;32;0;0;0
12.188;0.241;0.01;0.06;24.1;25291;30.2;-83;31.8;0;0;0
12.216;1.446;0.06;0.28;24.1;25377;30.2;-83.7;32;0;0;0
12.233;0.482;0.02;0.11;24.1;25402;30.3;-84.3;31.8;0;0;0
12.246;2.651;0.11;0.57;24.1;25434;30.2;-84.5;32.1;0;0;0
12.275;0;0;0;24.1;25503;30.3;-84.4;32.1;0;0;0
12.308;1.205;0.05;0.23;24.1;25588;30.2;-83.9;32.2;0;0;0
12.323;0.242;0.01;0.07;24.2;25611;30.2;-83.6;32.1;0;0;0
12.339;2.178;0.09;0.46;24.2;25651;30.2;-83.6;32.3;0;0;0
12.371;0;0;0;23.9;25715;30.2;-83.4;32.4;0;0;0
12.404;1.205;0.05;0.2;24.1;25787;30.2;-81.8;32.4;0;0;0
12.416;0.241;0.01;0.13;24.1;25799;30.2;-81.2;32.3;0;0;0
12.435;1.928;0.08;0.46;24.1;25839;30.2;-81.6;32.5;0;0;0
12.466;0;0;0.03;24.1;25878;30.2;-82.5;32.5;0;0;0
12.496;1.452;0.06;0.23;24.2;25952;30.2;-83;32.7;0;0;0
12.516;0.242;0.01;0.07;24.2;25981;30.3;-83.1;32.5;0;0;0
12.526;3.84;0.16;0.69;24;26010;30.2;-83.4;32.7;0;0;0
12.556;0;0;0.03;24.2;26076;30.2;-83.5;32.8;0;0;0
12.596;1.205;0.05;0.22;24.1;26165;30.2;-83.9;32.8;0;0;0
12.605;0;0;0.07;24.2;26174;30.2;-83.5;32.8;0;0;0
12.626;2.169;0.09;0.41;24.1;26220;30.3;-83.6;32.9;0;0;0
12.656;0;0;0;24.1;26266;30.3;-83.7;33.1;0;0;0
12.686;1.687;0.07;0.31;24.1;26340;30.3;-84.2;33.1;0;0;0
12.704;0;0;0.08;24.1;26352;30.3;-84.1;33.1;0;0;0
12.716;4.579;0.19;0.76;24.1;26380;30.3;-84.2;33.2;0;0;0
12.746;0;0;0.04;24.2;26447;30.3;-85;33.2;0;0;0
12.776;0;0;0.04;24.2;26485;30.3;-84.7;33.2;0;0;0
12.795;0;0;-0.01;24.2;26492;30.3;-84.4;33.2;0;0;0
12.807;3.856;0.16;0.65;24.1;26509;30.3;-84.7;33.4;0;0;0
12.844;0;0;0.02;24.1;26549;30.3;-85.5;33.4;0;0;0
12.877;1.687;0.07;0.27;24.1;26647;30.3;-85.7;33.5;0;0;0
12.885;-0.482;-0.02;-0.02;24.1;26667;30.3;-85.7;33.7;0;0;0
12.906;1.936;0.08;0.37;24.2;26739;30.3;-85.3;33.7;0;0;0
12.938;0;0;0.02;24.1;26818;30.3;-85.2;33.8;0;0;0
12.963;0.964;0.04;0.25;24.1;26884;30.3;-85.7;33.9;0;0;0
12.979;0.241;0.01;0.06;24.1;26908;30.3;-85.6;33.8;0;0;0
12.995;1.928;0.08;0.35;24.1;26950;30.3;-85.5;34;0;0;0
13.027;0;0;0.04;24.1;27009;30.2;-85.9;34;0;0;0
13.056;1.205;0.05;0.19;24.1;27078;30.4;-85.4;34.1;0;0;0
13.078;0;0;0.04;24.1;27107;30.3;-85.7;34.1;0;0;0
13.092;2.42;0.1;0.43;24.2;27137;30.3;-85.7;34.2;0;0;0
13.123;0;0;0.03;24.1;27187;30.3;-85.7;34.1;0;0;0
13.155;1.446;0.06;0.23;24.1;27240;30.4;-85;34.2;0;0;0
13.165;0;0;0.04;24.2;27250;30.3;-85.4;34.2;0;0;0
13.187;2.16;0.09;0.34;24;27307;30.4;-85.8;34.5;0;0;0
13.217;0.242;0.01;0.05;24.2;27362;30.3;-85.3;34.4;0;0;0
13.247;1.452;0.06;0.25;24.2;27441;30.3;-84.5;34.5;0;0;0
13.267;0;0;0.03;24.1;27470;30.2;-83.2;34.4;0;0;0
13.276;3.374;0.14;0.72;24.1;27495;30.3;-82.7;34.8;0;0;0
13.307;0;0;0.01;24.1;27568;30.2;-81.3;34.8;0;0;0
13.337;1.205;0.05;0.22;24.1;27661;30.3;-80.8;34.9;0;0;0
13.357;0;0;0.05;24.1;27697;30.2;-80.2;34.8;0;0;0
13.378;1.928;0.08;0.33;24.1;27738;30.3;-79.5;34.8;0;0;0
13.407;0;0;0.03;24.2;27767;30.2;-79.3;34.7;0;0;0
13.436;1.205;0.05;0.25;24.1;27819;30.3;-78.9;35.1;0;0;0
13.446;0.96;0.04;0.05;24;27834;30.3;-78.6;34.8;0;0;0
13.467;0;0;0.01;24.1;27847;30.2;-78.3;35;0;0;0
13.497;0;0;0.02;24.1;27847;30.3;-78.7;34.8;0;0;0
13.526;1.936;0.08;0.34;24.2;27890;30.3;-78.8;35;0;0;0
13.546;0;0;0.02;24.1;27902;30.3;-79.1;35;0;0;0
13.556;6.507;0.27;1.03;24.1;27928;30.3;-79;35.2;0;0;0
13.596;0;0;0.04;24.2;28005;30.3;-78.8;35.2;0;0;0
13.619;2.662;0.11;0.42;24.2;28074;30.2;-78.5;35.3;0;0;0
13.635;0;0;0.04;24.1;28102;30.2;-78.3;35.4;0;0;0
13.651;3.133;0.13;0.51;24.1;28154;30.3;-78.4;35.6;0;0;0
13.683;0.242;0.01;0.05;24.2;28227;30.2;-78.2;35.5;0;0;0
13.715;1.452;0.06;0.25;24.2;28322;30.2;-78;35.7;0;0;0
13.731;0.241;0.01;0.04;24.1;28351;30.3;-77.6;35.8;0;0;0
13.747;2.892;0.12;0.44;24.1;28396;30.3;-77.7;35.8;0;0;0
13.777;0.242;0.01;0.06;24.2;28474;30.4;-78.9;35.7;0;0;0
13.807;0.964;0.04;0.24;24.1;28556;30.3;-80.5;35.9;0;0;0
13.825;0.241;0.01;0.06;24.1;28591;30.4;-80.9;35.8;0;0;0
13.843;1.694;0.07;0.32;24.2;28632;30.3;-81.6;36.1;0;0;0
13.875;0.241;0.01;0.05;24.1;28672;30.3;-82.5;35.8;0;0;0
13.908;1.205;0.05;0.2;24.1;28737;30.3;-83.3;36.2;0;0;0
13.915;0.726;0.03;0.07;24.2;28747;30.3;-83.1;36.1;0;0;0
13.936;2.16;0.09;0.4;24;28799;30.3;-82.4;36.1;0;0;0
13.967;0;0;0.03;24.1;28835;30.3;-81.8;36.2;0;0;0
13.997;1.928;0.08;0.31;24.1;28901;30.3;-81;36.3;0;0;0
14.016;0;0;0.03;24.1;28932;30.3;-80.7;36.4;0;0;0
14.026;5.566;0.23;0.86;24.2;28957;30.3;-80.5;36.5;0;0;0
14.057;0;0;0.04;24.1;29013;30.3;-79.6;36.4;0;0;0
14.094;1.687;0.07;0.27;24.1;29106;30.3;-79.1;36.7;0;0;0
14.107;0;0;0;24.1;29127;30.3;-79.7;36.7;0;0;0
14.126;2.892;0.12;0.41;24.1;29183;30.3;-80.7;36.8;0;0;0
14.156;0;0;0.03;24.1;29243;30.2;-81.2;36.8;0;0;0
14.186;1.446;0.06;0.24;24.1;29326;30.3;-81.8;37;0;0;0
14.196;0;0;0.05;24.2;29349;30.3;-81.5;37;0;0;0
14.214;0.242;0.01;0.02;24.2;29371;30.3;-80.7;36.8;0;0;0
14.247;0;0;0;24.1;29391;30.3;-79.6;36.9;0;0;0
14.277;1.446;0.06;0.24;24.1;29449;30.3;-79.3;37.1;0;0;0
14.291;0;0;0.04;24.1;29467;30.3;-79.2;37.1;0;0;0
14.311;1.928;0.08;0.33;24.1;29514;30.3;-79;37.2;0;0;0
14.339;0.242;0.01;0.04;24.2;29543;30.3;-79.8;37.1;0;0;0
14.371;1.44;0.06;0.27;24;29612;30.3;-80.8;37.2;0;0;0
14.387;0;0;0;24.1;29632;30.3;-81.3;37.2;0;0;0
14.403;3.133;0.13;0.51;24.1;29678;30.3;-81.1;37.4;0;0;0
14.436;0;0;0.04;24.1;29755;30.3;-81.8;37.4;0;0;0
14.467;1.446;0.06;0.25;24.1;29842;30.3;-83;37.5;0;0;0
14.483;0;0;0.04;24.2;29862;30.4;-82.6;37.6;0;0;0
14.497;2.892;0.12;0.4;24.1;29899;30.4;-82.5;37.7;0;0;0
14.527;0;0;0.04;24;29951;30.3;-82.9;37.7;0;0;0
14.556;1.687;0.07;0.25;24.1;30023;30.4;-83.2;37.8;0;0;0
14.576;0.242;0.01;0.05;24.2;30043;30.3;-83.2;37.6;0;0;0
14.594;2.651;0.11;0.44;24.1;30081;30.3;-83.2;37.9;0;0;0
14.626;0;0;0.05;24.2;30105;30.3;-83.5;37.8;0;0;0
14.656;2.169;0.09;0.34;24.1;30182;30.4;-83.3;38.1;0;0;0
14.666;0.241;0.01;0.09;24.1;30203;30.4;-83.4;38;0;0;0
14.686;3.133;0.13;0.48;24.1;30269;30.3;-83.2;38.2;0;0;0
14.717;0;0;0.05;24;30322;30.3;-83.8;38;0;0;0
14.746;1.928;0.08;0.33;24.1;30386;30.3;-82.2;38.2;0;0;0
14.764;0.242;0.01;0.03;24.2;30403;30.3;-81.2;38.1;0;0;0
14.776;4.84;0.2;0.8;24.2;30437;30.3;-81;38.4;0;0;0
14.806;0.241;0.01;0.04;24.1;30520;30.3;-79.9;38.4;0;0;0
14.842;1.205;0.05;0.21;24.1;30634;30.4;-80.6;38.6;0;0;0
14.855;0.242;0.01;0.08;24.2;30657;30.4;-80.9;38.6;0;0;0
14.875;2.169;0.09;0.35;24.1;30721;30.4;-81.6;38.8;0;0;0
14.905;0.24;0.01;0.06;24;30771;30.4;-82.7;38.7;0;0;0
14.937;1.452;0.06;0.23;24.2;30841;30.3;-80.7;38.8;0;0;0
14.947;-0.241;-0.01;-0.02;24.1;30857;30.3;-79.9;38.8;0;0;0
14.963;0;0;0.02;24.2;30877;30.3;-79.5;38.8;0;0;0
14.996;0;0;0.04;24.2;30877;30.3;-78.1;38.7;0;0;0
15.026;1.694;0.07;0.23;24.2;30921;30.3;-77.5;38.8;0;0;0
15.043;0;0;0.01;24.1;30938;30.3;-77;38.8;0;0;0
15.056;3.856;0.16;0.62;24.1;30969;30.3;-76.9;39.1;0;0;0
15.093;0.241;0.01;0.04;24.1;31029;30.2;-76.2;39;0;0;0
15.124;1.68;0.07;0.28;24;31111;30.4;-78.7;39.2;0;0;0
15.135;0;0;0.04;24.1;31131;30.4;-78.5;39.2;0;0;0
15.154;2.662;0.11;0.39;24.2;31190;30.4;-79.5;39.4;0;0;0
15.187;0;0;0.05;24.2;31252;30.4;-81.5;39.3;0;0;0
15.216;1.446;0.06;0.27;24.1;31328;30.4;-82.6;39.6;0;0;0
15.23;0.484;0.02;0.04;24.2;31348;30.4;-82.8;39.4;0;0;0
15.246;2.892;0.12;0.52;24.1;31389;30.4;-83.7;39.6;0;0;0
15.276;0.241;0.01;0.04;24.1;31445;30.3;-81.3;39.4;0;0;0
15.307;1.694;0.07;0.29;24.2;31519;30.4;-80.2;39.6;0;0;0
15.325;0;0;0.01;24.1;31544;30.4;-79.7;39.6;0;0;0
15.342;3.133;0.13;0.48;24.1;31586;30.4;-79.2;39.8;0;0;0
15.377;0;0;0.04;24.2;31651;30.3;-78.7;39.8;0;0;0
15.403;1.936;0.08;0.29;24.2;31714;30.3;-79;39.9;0;0;0
15.415;0;0;0.05;24.1;31735;30.3;-79;40;0;0;0
15.435;2.651;0.11;0.33;24.1;31802;30.4;-78.8;40.1;0;0;0
15.466;0;0;0.05;24.1;31876;30.3;-78.8;40.1;0;0;0
15.498;1.21;0.05;0.18;24.2;31961;30.3;-79.9;40.3;0;0;0
15.514;0;0;0.02;24.1;31993;30.3;-80.7;40.3;0;0;0
15.526;2.64;0.11;0.44;24;32024;30.3;-80.9;40.4;0;0;0
15.556;0;0;0.03;24.2;32083;30.4;-82;40.5;0;0;0
15.59;1.21;0.05;0.16;24.2;32158;30.4;-80.9;40.5;0;0;0
15.605;0.241;0.01;0.06;24.1;32182;30.4;-80.4;40.4;0;0;0
15.619;2.42;0.1;0.38;24.2;32213;30.4;-80;40.6;0;0;0
15.652;0;0;0.04;24.1;32273;30.3;-79.3;40.6;0;0;0
15.686;1.21;0.05;0.21;24.2;32347;30.4;-79.2;40.7;0;0;0
15.7;0;0;0.03;24.1;32365;30.4;-78.9;40.7;0;0;0
15.715;0.482;0.02;0.03;24.1;32377;30.4;-78.8;40.5;0;0;0
15.746;0;0;0.02;24.2;32384;30.4;-78.5;40.6;0;0;0
15.776;1.44;0.06;0.24;24;32421;30.4;-77.9;40.7;0;0;0
15.791;0;0;0.05;24.1;32424;30.4;-78;40.7;0;0;0
15.807;3.374;0.14;0.45;24.1;32458;30.4;-77.9;41;0;0;0
15.838;0.242;0.01;0.04;24.2;32514;30.4;-77.8;40.8;0;0;0
15.87;1.687;0.07;0.24;24.1;32603;30.4;-79.4;41;0;0;0
15.884;0;0;0.04;24.1;32626;30.4;-80.2;41.1;0;0;0
15.9;3.6;0.15;0.47;24;32673;30.4;-80.6;41.2;0;0;0
15.933;0;0;0.04;24.1;32740;30.4;-81.5;41.2;0;0;0
15.962;1.68;0.07;0.24;24;32818;30.4;-80.5;41.4;0;0;0
15.985;0;0;0.03;24.1;32857;30.4;-80.2;41.4;0;0;0
15.994;6.24;0.26;0.77;24;32876;30.4;-79.8;41.3;0;0;0
16.025;0;0;0;24.2;32935;30.4;-79.4;41.4;0;0;0
16.058;1.446;0.06;0.23;24.1;33026;30.4;-78.7;41.7;0;0;0
16.071;0;0;0.03;24.1;33052;30.4;-79.4;41.6;0;0;0
16.087;2.41;0.1;0.34;24.1;33106;30.4;-80.4;41.8;0;0;0
16.119;0;0;0.06;24.1;33177;30.4;-81.4;41.8;0;0;0
16.156;1.205;0.05;0.16;24.1;33268;30.4;-81.9;41.8;0;0;0
16.165;-0.482;-0.02;0.04;24.1;33282;30.5;-81.6;41.9;0;0;0
16.186;1.936;0.08;0.29;24.2;33335;30.4;-81.6;42;0;0;0
16.217;0;0;0.01;24.2;33366;30.4;-82.3;41.9;0;0;0
16.248;1.452;0.06;0.24;24.2;33419;30.4;-83.1;42.1;0;0;0
16.259;0;0;0.03;24.1;33432;30.4;-82.9;42.1;0;0;0
16.275;2.892;0.12;0.4;24.1;33480;30.4;-82.8;42.3;0;0;0
16.308;0;0;0.03;24.1;33572;30.4;-83.3;42.3;0;0;0
16.339;0.964;0.04;0.16;24.1;33658;30.4;-82;42.5;0;0;0
16.356;0;0;0.03;24.1;33691;30.4;-81.1;42.4;0;0;0
16.371;1.928;0.08;0.29;24.1;33735;30.4;-80.5;42.6;0;0;0
16.403;0.241;0.01;0.06;24.1;33793;30.4;-79.8;42.4;0;0;0
16.435;0.968;0.04;0.18;24.2;33863;30.4;-79;42.6;0;0;0
16.451;0;0;-0.01;24.1;33893;30.4;-78.7;42.7;0;0;0
16.467;0;0;0;24;33917;30.4;-78.4;42.7;0;0;0
16.496;0;0;0.05;24.1;33943;30.4;-78.3;42.6;0;0;0
16.526;0.964;0.04;0.15;24.1;33969;30.4;-77.8;42.6;0;0;0
16.545;0.241;0.01;0.05;24.1;33979;30.4;-78.5;42.5;0;0;0
16.556;4.114;0.17;0.61;24.2;33995;30.4;-78.8;42.7;0;0;0
16.587;0;0;0.03;24.1;34030;30.4;-78.8;42.8;0;0;0
16.626;1.446;0.06;0.22;24.1;34099;30.4;-78.5;42.8;0;0;0
16.635;0;0;0.04;24.2;34108;30.4;-78.5;42.9;0;0;0
16.656;2.651;0.11;0.36;24.1;34170;30.4;-78.5;43.1;0;0;0
16.686;0;0;0.03;24.1;34236;30.4;-78.2;43.2;0;0;0
16.716;1.44;0.06;0.21;24;34324;30.4;-78.2;43.3;0;0;0
16.735;0;0;0.05;24.2;34363;30.4;-78;43.3;0;0;0
16.746;3.374;0.14;0.48;24.1;34394;30.4;-77.4;43.4;0;0;0
16.777;0.242;0.01;0.03;24.2;34465;30.4;-77.8;43.4;0;0;0
16.805;1.21;0.05;0.17;24.2;34531;30.4;-77.8;43.6;0;0;0
16.825;0.241;0.01;0.03;24.1;34563;30.4;-77.8;43.5;0;0;0
16.846;1.446;0.06;0.23;24.1;34619;30.4;-77.8;43.7;0;0;0
16.876;0;0;0.02;24.1;34689;30.4;-77.8;43.7;0;0;0
16.907;0.964;0.04;0.12;24.1;34777;30.5;-77.7;43.8;0;0;0
16.916;-0.482;-0.02;0.01;24.1;34797;30.4;-77.7;43.9;0;0;0
16.936;1.446;0.06;0.22;24.1;34855;30.4;-77.7;44;0;0;0
16.963;0.242;0.01;0;24.2;34917;30.4;-77.6;43.9;0;0;0
16.996;0.726;0.03;0.13;24.2;35000;30.4;-77.8;44;0;0;0
17.011;0.241;0.01;0.05;24.1;35025;30.4;-77.9;44.1;0;0;0
17.026;1.446;0.06;0.23;24.1;35053;30.4;-77.9;44.1;0;0;0
17.056;0;0;0.02;24.1;35090;30.5;-77.9;44.1;0;0;0
17.087;0.723;0.03;0.14;24.1;35149;30.5;-78.3;44.3;0;0;0
17.105;0.482;0.02;0.06;24.1;35173;30.4;-78.2;44.1;0;0;0
17.123;1.446;0.06;0.26;24.1;35212;30.5;-78.2;44.4;0;0;0
17.156;0;0;0.03;24;35263;30.4;-78;44.4;0;0;0
17.187;1.205;0.05;0.16;24.1;35347;30.4;-78;44.5;0;0;0
17.203;0;0;0;24.1;35383;30.4;-77.7;44.6;0;0;0
17.216;2.651;0.11;0.34;24.1;35415;30.4;-77.6;44.6;0;0;0
17.246;0;0;0.03;24.1;35476;30.4;-76.8;44.6;0;0;0
17.276;0;0;0.03;24.2;35510;30.4;-79.8;44.6;0;0;0
17.295;0;0;0.01;24.1;35524;30.5;-80.7;44.7;0;0;0
17.306;2.151;0.09;0.38;23.9;35539;30.5;-81.2;44.7;0;0;0
17.337;0;0;0.01;24.2;35579;30.5;-82.8;44.7;0;0;0
17.377;0.72;0.03;0.13;24;35646;30.5;-84.6;44.8;0;0;0
17.385;0;0;0;24.1;35657;30.5;-84.6;44.9;0;0;0
17.406;1.446;0.06;0.21;24.1;35705;30.5;-85.4;45;0;0;0
17.436;0;0;0.02;24.2;35766;30.4;-85.4;45.1;0;0;0
17.467;1.205;0.05;0.17;24.1;35848;30.5;-85;45.1;0;0;0
17.485;0;0;0.02;24.2;35883;30.5;-84.8;45.1;0;0;0
17.496;2.662;0.11;0.4;24.2;35906;30.5;-84.7;45.3;0;0;0
17.526;0;0;0.01;24.1;35969;30.4;-82.6;45.2;0;0;0
17.557;0.968;0.04;0.14;24.2;36040;30.5;-83.4;45.3;0;0;0
17.575;0;0;0;24.1;36074;30.5;-82.9;45.4;0;0;0
17.595;1.44;0.06;0.24;24;36124;30.4;-82.1;45.5;0;0;0
17.62;0;0;0.03;24.2;36168;30.5;-80.5;45.6;0;0;0
17.651;0.964;0.04;0.14;24.1;36233;30.5;-81.3;45.7;0;0;0
17.668;0.242;0.01;0.03;24.2;36260;30.6;-81.5;45.6;0;0;0
17.684;1.687;0.07;0.25;24.1;36298;30.5;-82.7;45.8;0;0;0
17.715;0;0;0.02;24.2;36367;30.6;-82.9;45.8;0;0;0
17.745;1.205;0.05;0.13;24.1;36437;30.5;-80.9;45.8;0;0;0
17.762;0;0;0.05;24.2;36465;30.5;-81.2;45.8;0;0;0
17.776;1.936;0.08;0.31;24.2;36497;30.5;-81.4;46;0;0;0
17.807;0;0;0;24.2;36568;30.5;-81.8;46.1;0;0;0
17.843;0.484;0.02;0.1;24.2;36669;30.5;-83.5;46.3;0;0;0
17.855;0.484;0.02;0.03;24.2;36695;30.5;-83.6;46.2;0;0;0
17.876;0.964;0.04;0.17;24.1;36746;30.6;-83.6;46.4;0;0;0
17.907;0;0;0;24.1;36815;30.5;-84.9;46.4;0;0;0
17.937;0.48;0.02;0.11;24;36888;30.5;-82.8;46.5;0;0;0
17.946;0;0;0.03;24.1;36907;30.5;-82.6;46.6;0;0;0
17.966;0;0;0.01;24.1;36940;30.5;-82;46.6;0;0;0
17.996;0;0;0.02;24.1;36983;30.5;-80.9;46.5;0;0;0
18.026;0;0;0.03;24.1;37035;30.5;-79.7;46.7;0;0;0
18.045;0;0;0.02;24.1;37059;30.4;-78.9;46.8;0;0;0
18.056;1.446;0.06;0.17;24.1;37077;30.5;-79.8;46.7;0;0;0
18.094;0;0;0.01;24.2;37121;30.4;-78.9;46.7;0;0;0
18.123;0.723;0.03;0.11;24.1;37158;30.5;-78.8;46.7;0;0;0
18.135;0;0;0.05;24.2;37168;30.5;-80.2;46.7;0;0;0
18.153;1.446;0.06;0.2;24.1;37198;30.5;-80.9;46.9;0;0;0
18.185;0;0;0.01;24.2;37241;30.5;-82.1;46.8;0;0;0
18.216;0.723;0.03;0.13;24.1;37310;30.6;-82.6;47.1;0;0;0
18.231;0;0;0.04;24.2;37341;30.6;-82.5;47.1;0;0;0
18.246;1.92;0.08;0.26;24;37379;30.5;-83.2;47.2;0;0;0
18.277;0.242;0.01;0.04;24.2;37444;30.5;-83.3;47.1;0;0;0
18.306;0.723;0.03;0.14;24.1;37510;30.6;-82.9;47.4;0;0;0
18.323;0.242;0.01;0.01;24.2;37540;30.6;-83;47.3;0;0;0
18.339;1.928;0.08;0.24;24.1;37581;30.5;-83.4;47.4;0;0;0
18.371;0;0;0.01;24.1;37650;30.6;-82.9;47.4;0;0;0
18.405;0.726;0.03;0.12;24.2;37728;30.6;-83.3;47.6;0;0;0
18.415;0.723;0.03;0.06;24.1;37745;30.5;-82.5;47.4;0;0;0
18.433;0.72;0.03;0.18;24;37788;30.5;-81.8;47.8;0;0;0
18.465;0.241;0.01;0.02;24.1;37848;30.5;-80.8;47.7;0;0;0
18.496;0.968;0.04;0.13;24.2;37922;30.5;-80.4;47.8;0;0;0
18.512;0;0;0.04;24.2;37958;30.5;-80.2;47.8;0;0;0
18.526;1.452;0.06;0.14;24.2;37998;30.5;-80;47.9;0;0;0
18.556;0;0;0.03;24.2;38072;30.6;-79.2;48.1;0;0;0
18.59;0.723;0.03;0.1;24.1;38158;30.5;-78.7;48.1;0;0;0
18.605;0;0;0.03;24.2;38190;30.5;-78.7;48.1;0;0;0
18.619;0.96;0.04;0.15;24;38226;30.5;-78.5;48.3;0;0;0
18.652;0.241;0.01;0.03;24.1;38297;30.5;-78.7;48.2;0;0;0
18.682;0.24;0.01;0.06;24;38367;30.5;-77.6;48.5;0;0;0
18.696;0.241;0.01;0.04;24.1;38391;30.5;-77.4;48.4;0;0;0
18.714;0;0;0.02;24.1;38419;30.5;-76.9;48.4;0;0;0
18.745;0;0;0;24.1;38459;30.5;-76.9;48.4;0;0;0
18.777;0.241;0.01;0.07;24.1;38505;30.6;-79.5;48.5;0;0;0
18.792;0;0;0;24;38528;30.6;-80.4;48.5;0;0;0
18.805;0.723;0.03;0.1;24.1;38556;30.6;-80.7;48.6;0;0;0
18.84;0;0;0.01;24.2;38616;30.5;-81.8;48.7;0;0;0
18.871;0.484;0.02;0.09;24.2;38665;30.6;-82.7;48.7;0;0;0
18.886;0;0;-0.03;24.2;38678;30.6;-83;48.7;0;0;0
18.902;1.205;0.05;0.2;24.1;38707;30.6;-83.1;48.8;0;0;0
18.934;0;0;0.01;24.1;38765;30.5;-83;48.9;0;0;0
18.965;0.723;0.03;0.11;24.1;38839;30.5;-82.8;48.9;0;0;0
18.98;-0.241;-0.01;0;24.1;38872;30.5;-81.7;49.1;0;0;0
18.995;0.726;0.03;0.14;24.2;38913;30.5;-81.2;49.2;0;0;0
19.028;0;0;0.03;24.1;38995;30.5;-80.4;49.2;0;0;0
19.056;0.723;0.03;0.06;24.1;39068;30.5;-79.9;49.3;0;0;0
19.075;0;0;0.03;24.1;39108;30.5;-79.8;49.3;0;0;0
19.092;0.964;0.04;0.07;24.1;39153;30.5;-79.6;49.3;0;0;0
19.124;-0.241;-0.01;0;24.1;39223;30.6;-82;49.5;0;0;0
19.156;0.241;0.01;0.04;24.1;39300;30.5;-82.4;49.7;0;0;0
19.165;0;0;-0.01;24;39327;30.5;-82.3;49.6;0;0;0
19.186;0.484;0.02;0.09;24.2;39376;30.6;-82.4;49.7;0;0;0
19.217;0;0;0;24.2;39442;30.5;-82.7;49.8;0;0;0
19.246;0.24;0.01;0.04;24;39506;30.5;-83;49.8;0;0;0
19.264;0;0;0.01;24.2;39542;30.6;-83.1;49.9;0;0;0
19.276;0.484;0.02;0.12;24.2;39571;30.5;-82.4;49.9;0;0;0
19.306;0;0;0;24.1;39643;30.5;-80.9;50.1;0;0;0
19.343;0.241;0.01;0.04;24.1;39714;30.5;-80.3;50.1;0;0;0
19.357;0;0;0.01;24.1;39736;30.5;-80;50.1;0;0;0
19.373;0;0;0.04;24;39771;30.5;-79.7;50.2;0;0;0
19.404;0;0;0;24.2;39837;30.5;-79.2;50.3;0;0;0
19.436;0.241;0.01;0.02;24.1;39911;30.5;-78.3;50.3;0;0;0
19.446;-0.242;-0.01;0;24.2;39934;30.6;-78.9;50.4;0;0;0
19.466;-0.241;-0.01;0;24.1;39979;30.6;-80;50.5;0;0;0
19.496;0;0;0;24.1;40044;30.6;-81.3;50.6;0;0;0
19.527;0;0;0;24.2;40119;30.6;-82.3;50.7;0;0;0
19.545;0;0;-0.01;24.2;40163;30.5;-81.3;50.7;0;0;0
19.556;0;0;0.03;24.2;40188;30.6;-81.9;50.7;0;0;0
19.593;0;0;0.02;24.1;40242;30.6;-82.9;50.7;0;0;0
19.62;0;0;0;24;40274;30.5;-83.4;50.8;0;0;0
19.635;0;0;0;24.1;40298;30.6;-83.9;50.8;0;0;0
19.651;0;0;0.01;24.1;40319;30.6;-84.3;50.8;0;0;0
19.683;0;0;0.02;24.1;40356;30.6;-82.4;50.8;0;0;0
19.715;0;0;0.02;24.1;40390;30.6;-81.2;50.9;0;0;0
19.731;0;0;0;24;40410;30.5;-81.1;51;0;0;0
19.747;0;0;0.04;24.2;40434;30.5;-80.4;51;0;0;0
19.776;0;0;0.02;24.2;40475;30.5;-79.6;51;0;0;0
19.806;0;0;0.02;24.1;40526;30.5;-79.1;51.2;0;0;0
19.827;0;0;0.02;24.2;40563;30.5;-79;51.2;0;0;0
19.843;0.484;0.02;0.06;24.2;40599;30.5;-78.8;51.2;0;0;0
19.875;0;0;0;24.2;40670;30.6;-78.8;51.4;0;0;0
19.907;0.242;0.01;0.03;24.2;40746;30.5;-78.4;51.4;0;0;0
19.915;-0.482;-0.02;-0.01;24.1;40767;30.5;-78.2;51.6;0;0;0
19.936;0.484;0.02;0.05;24.2;40826;30.5;-78.4;51.5;0;0;0
19.967;0;0;0.01;24.1;40900;30.5;-78.2;51.6;0;0;0
19.996;0;0;0.03;24.1;40970;30.5;-78.1;51.7;0;0;0
20.016;0;0;0;24.2;41011;30.6;-78.5;51.7;0;0;0
20.026;0.484;0.02;0.06;24.2;41035;30.6;-78.6;51.7;0;0;0
20.056;-0.241;-0.01;-0.01;24.1;41103;30.5;-78.4;51.9;0;0;0
20.095;0;0;0.02;24.1;41196;30.6;-78.6;52;0;0;0
20.106;-0.241;-0.01;-0.03;24.1;41222;30.6;-78.5;52.1;0;0;0
20.126;0;0;0.02;24.1;41276;30.5;-78.7;52.1;0;0;0
20.156;0;0;0.01;24.1;41350;30.6;-80.3;52.2;0;0;0
20.187;0;0;0.01;24.1;41419;30.7;-81.4;52.4;0;0;0
20.204;0.241;0.01;0.02;24.1;41451;30.6;-81.9;52.4;0;0;0
20.216;-0.241;-0.01;0;24.1;41476;30.6;-81.7;52.5;0;0;0
20.245;0;0;0;24.2;41536;30.6;-80.3;52.5;0;0;0
20.276;0;0;0.01;24.1;41598;30.5;-79.6;52.6;0;0;0
20.291;0;0;0;24.1;41630;30.5;-79.2;52.6;0;0;0
20.311;0;0;0.03;24;41672;30.5;-79.3;52.6;0;0;0
20.339;0;0;0;24.2;41735;30.6;-80.5;52.8;0;0;0
20.371;0;0;0;24;41810;30.6;-81.4;52.8;0;0;0
20.387;0.242;0.01;0.02;24.2;41847;30.5;-80.6;52.8;0;0;0
20.403;-0.241;-0.01;0;24.1;41883;30.5;-79.7;52.9;0;0;0
20.435;0;0;0;24.1;41941;30.5;-78.8;53;0;0;0
20.467;0;0;0.01;24.2;41993;30.5;-78.4;53.1;0;0;0
20.483;0.242;0.01;0;24.2;42018;30.5;-78;52.9;0;0;0
20.496;-0.484;-0.02;-0.01;24.2;42038;30.5;-77.7;53.1;0;0;0
20.526;0;0;-0.01;24.1;42096;30.6;-80;53.2;0;0;0
20.556;0;0;0.01;24.1;42164;30.6;-80.3;53.2;0;0;0
20.575;0.241;0.01;0.02;24.1;42204;30.6;-81.8;53.2;0;0;0
20.595;0;0;0.01;24.2;42241;30.7;-82.5;53.3;0;0;0
20.626;0;0;0;24.1;42298;30.7;-82.4;53.4;0;0;0
20.656;0;0;0.02;24.1;42353;30.6;-81.3;53.4;0;0;0
20.666;-0.723;-0.03;-0.02;24.1;42368;30.6;-81.1;53.5;0;0;0
20.686;0;0;0;24.1;42402;30.6;-80.4;53.6;0;0;0
20.716;0;0;0;24.2;42456;30.6;-79.8;53.6;0;0;0
20.746;0;0;0.02;23.9;42511;30.7;-78.9;53.6;0;0;0
20.765;0;0;0;24.2;42544;30.6;-78.7;53.7;0;0;0
20.776;-0.482;-0.02;-0.02;24.1;42562;30.5;-78.7;53.8;0;0;0
20.806;0;0;0.02;24.2;42615;30.6;-78.9;53.7;0;0;0
20.844;0;0;0;24.1;42681;30.7;-80.1;53.9;0;0;0
20.855;0;0;-0.02;24.1;42703;30.7;-80.5;53.8;0;0;0
20.874;-0.242;-0.01;0.01;24.2;42743;30.7;-81.5;54;0;0;0
20.906;0;0;0.02;24.1;42801;30.6;-80.4;54;0;0;0
20.936;0;0;0.01;24.2;42855;30.6;-79.7;54.1;0;0;0
20.947;0;0;-0.01;24.2;42876;30.6;-79.4;54.1;0;0;0
20.964;-0.242;-0.01;-0.01;24.2;42907;30.6;-79;54.2;0;0;0
20.995;0;0;0.01;24.1;42975;30.6;-78.4;54.3;0;0;0
21.027;0;0;0;24.1;43023;30.6;-78.2;54.3;0;0;0
21.042;0;0;0;24.1;43051;30.6;-79.4;54.3;0;0;0
21.057;0;0;0.01;24.1;43078;30.6;-79.5;54.4;0;0;0
21.092;0;0;0.01;24.1;43147;30.6;-78.9;54.5;0;0;0
21.123;0;0;0;24.1;43202;30.6;-78.7;54.6;0;0;0
21.136;0;0;-0.01;24.1;43226;30.7;-79.3;54.6;0;0;0
21.158;0;0;0;24.1;43268;30.6;-80.3;54.6;0;0;0
21.187;0;0;0;24.1;43319;30.6;-79.7;54.7;0;0;0
21.216;0;0;0.01;24.1;43371;30.6;-79.5;54.8;0;0;0
21.234;0;0;0.02;24.1;43401;30.6;-79.3;54.8;0;0;0
21.246;0;0;0.01;24.1;43419;30.7;-80;54.8;0;0;0
21.277;0;0;0;24.1;43459;30.7;-81.4;54.9;0;0;0
21.306;0;0;0;24.1;43493;30.6;-79.8;54.8;0;0;0
21.325;-0.242;-0.01;-0.02;24.2;43518;30.6;-79;55;0;0;0
21.346;0.241;0.01;0.02;24.1;43547;30.6;-78.2;55;0;0;0
21.376;0;0;0;24.1;43598;30.6;-76.9;55;0;0;0
21.406;0;0;0.01;24.1;43653;30.6;-76.4;55.2;0;0;0
21.415;0.24;0.01;0.02;24;43672;30.6;-76.2;55.1;0;0;0
21.436;0;0;0.03;24.1;43716;30.7;-77.4;55.3;0;0;0
21.466;0;0;0.01;24.1;43771;30.6;-77.8;55.2;0;0;0
21.496;0;0;0.02;24.2;43828;30.7;-77.5;55.3;0;0;0
21.516;0;0;0.01;24.1;43862;30.6;-77.6;55.3;0;0;0
21.526;0.482;0.02;0.1;24.1;43881;30.6;-77.5;55.4;0;0;0
21.556;0;0;0;24.1;43929;30.6;-77.6;55.4;0;0;0
21.593;0.241;0.01;0.04;24.1;43998;30.7;-79.6;55.5;0;0;0
21.605;-0.242;-0.01;-0.01;24.2;44020;30.7;-79.7;55.6;0;0;0
21.619;0.723;0.03;0.08;24.1;44049;30.6;-80.2;55.7;0;0;0
21.652;0.241;0.01;0.02;24.1;44111;30.6;-80.5;55.7;0;0;0
21.683;-0.242;-0.01;0;24.2;44170;30.7;-81.3;55.8;0;0;0
21.699;0;0;0;24;44198;30.7;-82.1;55.9;0;0;0
21.715;0;0;0.03;24.1;44228;30.7;-82.1;55.9;0;0;0
21.746;0;0;0.02;24.1;44270;30.7;-82.8;55.9;0;0;0
21.776;0.482;0.02;0.06;24.1;44314;30.7;-83.1;55.9;0;0;0
21.795;-0.241;-0.01;0;24.1;44337;30.7;-84.2;56;0;0;0
21.806;1.928;0.08;0.22;24.1;44356;30.7;-83.9;55.9;0;0;0
21.844;0;0;0.01;24.1;44415;30.6;-82.2;56;0;0;0
21.873;0.723;0.03;0.08;24.1;44467;30.7;-81.2;56.1;0;0;0
21.886;0.241;0.01;0.05;24.1;44481;30.7;-81;56.1;0;0;0
21.905;1.205;0.05;0.14;24.1;44515;30.6;-80.6;56.2;0;0;0
21.936;0;0;0.02;24.1;44561;30.7;-79.8;56.3;0;0;0
21.966;1.21;0.05;0.11;24.2;44616;30.6;-79.6;56.4;0;0;0
21.981;0.241;0.01;0.03;24.1;44638;30.6;-80.5;56.4;0;0;0
21.997;2.41;0.1;0.25;24.1;44678;30.7;-81;56.5;0;0;0
22.026;0;0;0.01;24.1;44737;30.7;-82.5;56.6;0;0;0
22.056;1.452;0.06;0.17;24.2;44816;30.7;-83.3;56.7;0;0;0
22.074;0.241;0.01;0.01;24.1;44852;30.6;-82.1;56.7;0;0;0
22.09;2.651;0.11;0.28;24.1;44902;30.7;-81.3;56.8;0;0;0
22.121;0.241;0.01;0.03;24.1;44960;30.6;-79.6;56.7;0;0;0
22.153;1.446;0.06;0.16;24.1;45038;30.6;-78.1;56.9;0;0;0
22.165;0.242;0.01;0;24.2;45065;30.6;-77.9;56.9;0;0;0
22.184;1.928;0.08;0.24;24.1;45114;30.6;-77.2;57.2;0;0;0
22.215;0.242;0.01;0.01;24.2;45175;30.6;-76.8;57;0;0;0
22.247;1.2;0.05;0.15;24;45268;30.6;-76.4;57.2;0;0;0
22.262;0;0;0.03;24.1;45303;30.6;-77.2;57.2;0;0;0
22.278;2.178;0.09;0.24;24.2;45343;30.6;-77;57.4;0;0;0
22.306;0.24;0.01;0.05;24;45399;30.6;-76.6;57.3;0;0;0
22.337;1.446;0.06;0.17;24.1;45467;30.7;-79.3;57.4;0;0;0
22.355;-0.241;-0.01;0;24.1;45490;30.7;-80.2;57.5;0;0;0
22.372;2.904;0.12;0.31;24.2;45533;30.7;-81.6;57.6;0;0;0
22.404;0.241;0.01;0.04;24.1;45592;30.8;-83.1;57.5;0;0;0
22.436;1.694;0.07;0.17;24.2;45659;30.6;-81.1;57.7;0;0;0
22.451;0;0;0.02;24.1;45681;30.6;-80.2;57.8;0;0;0
22.467;0;0;0.01;24.1;45700;30.7;-79.6;57.7;0;0;0
22.496;0.242;0.01;0.04;24.2;45733;30.6;-78.8;57.7;0;0;0
22.526;1.446;0.06;0.16;24.1;45787;30.6;-77.9;57.9;0;0;0
22.544;0.241;0.01;0.03;24.1;45803;30.6;-77.4;57.7;0;0;0
22.556;5.784;0.24;0.61;24.1;45824;30.6;-77.1;57.9;0;0;0
22.592;0;0;0;24.2;45872;30.6;-76.8;57.9;0;0;0
22.622;2.41;0.1;0.23;24.1;45947;30.6;-76.9;58.1;0;0;0
22.635;0.241;0.01;0;24.1;45970;30.6;-76.8;58.1;0;0;0
22.654;3.146;0.13;0.29;24.2;46035;30.6;-77;58.3;0;0;0
22.684;0.241;0.01;0.05;24.1;46117;30.7;-77.2;58.3;0;0;0
22.716;1.68;0.07;0.17;24;46204;30.7;-79.6;58.3;0;0;0
22.731;0.482;0.02;0.03;24.1;46232;30.7;-80.4;58.3;0;0;0
22.746;2.4;0.1;0.31;24;46275;30.7;-80.6;58.6;0;0;0
22.776;0.241;0.01;0.03;24.1;46336;30.7;-81.9;58.5;0;0;0
22.806;1.452;0.06;0.13;24.2;46419;30.7;-82.7;58.8;0;0;0
22.826;0.968;0.04;0.1;24.2;46461;30.7;-83.1;58.6;0;0;0
22.841;1.928;0.08;0.27;24.1;46498;30.7;-83.2;58.9;0;0;0
22.873;0.241;0.01;0.03;24.1;46552;30.7;-83.5;58.8;0;0;0
22.903;1.446;0.06;0.17;24.1;46623;30.7;-83.8;59;0;0;0
22.915;0;0;0.01;24.1;46646;30.6;-83.7;59;0;0;0
22.934;3.388;0.14;0.3;24.2;46700;30.7;-84.2;59.2;0;0;0
22.963;0.241;0.01;0.04;24.1;46761;30.7;-85;59.1;0;0;0
22.995;1.446;0.06;0.17;24.1;46833;30.7;-84.6;59.2;0;0;0
23.011;0;0;0;24.2;46858;30.7;-84.6;59.3;0;0;0
23.028;3.84;0.16;0.4;24;46901;30.7;-84.5;59.2;0;0;0
23.058;0;0;0.03;24.1;46942;30.7;-84.2;59.2;0;0;0
23.09;2.169;0.09;0.24;24.1;47006;30.8;-84;59.4;0;0;0
23.105;0.242;0.01;0.03;24.2;47026;30.8;-84.6;59.4;0;0;0
23.12;3.872;0.16;0.44;24.2;47074;30.8;-84.6;59.7;0;0;0
23.151;0.242;0.01;0.03;24.2;47148;30.7;-83.9;59.6;0;0;0
23.183;0;0;0.03;24.1;47192;30.8;-84;59.6;0;0;0
23.198;-0.482;-0.02;-0.02;24.1;47206;30.7;-84.2;59.7;0;0;0
23.213;2.892;0.12;0.3;24.1;47236;30.8;-84.1;59.8;0;0;0
23.246;0.241;0.01;0.04;24.1;47273;30.8;-84.2;59.7;0;0;0
23.275;2.169;0.09;0.22;24.1;47325;30.8;-84.1;59.8;0;0;0
23.291;0;0;0.01;24.1;47341;30.7;-82.8;59.9;0;0;0
23.307;4.84;0.2;0.43;24.2;47386;30.6;-81.7;60;0;0;0
23.338;0;0;0.03;24.1;47458;30.7;-80.5;60;0;0;0
23.369;2.651;0.11;0.27;24.1;47529;30.7;-79.8;60;0;0;0
23.384;0;0;0;24.1;47547;30.7;-79.7;60;0;0;0
23.401;3.856;0.16;0.37;24.1;47592;30.7;-79.4;60.4;0;0;0
23.431;0.482;0.02;0.05;24.1;47653;30.7;-79.1;60.1;0;0;0
23.462;1.936;0.08;0.22;24.2;47739;30.7;-81.1;60.6;0;0;0
23.477;0.723;0.03;0.06;24.1;47766;30.8;-82.2;60.4;0;0;0
23.494;4.097;0.17;0.36;24.1;47812;30.7;-83;60.5;0;0;0
23.526;0.241;0.01;0.06;24.1;47865;30.7;-84.3;60.5;0;0;0
23.557;2.178;0.09;0.23;24.2;47939;30.8;-84.4;60.6;0;0;0
23.572;0.484;0.02;0.06;24.2;47963;30.7;-83.3;60.6;0;0;0
23.588;4.097;0.17;0.43;24.1;48005;30.7;-82.4;60.8;0;0;0
23.619;0.24;0.01;0.03;24;48075;30.7;-80.7;60.7;0;0;0
23.652;2.169;0.09;0.23;24.1;48152;30.7;-80;60.8;0;0;0
23.668;0;0;0.01;24.2;48172;30.8;-79.5;60.9;0;0;0
23.683;5.082;0.21;0.48;24.2;48215;30.7;-79;61;0;0;0
23.716;0.241;0.01;0.04;24.1;48276;30.7;-78.7;60.9;0;0;0
23.748;2.41;0.1;0.25;24.1;48346;30.7;-77.7;61;0;0;0
23.762;0;0;0.02;24.2;48364;30.7;-77.3;61;0;0;0
23.776;4.82;0.2;0.51;24.1;48407;30.7;-76.7;61.3;0;0;0
23.807;0.242;0.01;0.03;24.2;48469;30.6;-76.2;61.2;0;0;0
23.841;2.42;0.1;0.22;24.2;48544;30.7;-76.1;61.3;0;0;0
23.855;0;0;0.03;24.1;48556;30.7;-75.8;61.4;0;0;0
23.871;5.76;0.24;0.56;24;48599;30.7;-76.1;61.5;0;0;0
23.903;0;0;0.02;24.1;48651;30.7;-75.5;61.5;0;0;0
23.934;3.146;0.13;0.29;24.2;48740;30.7;-75.7;61.7;0;0;0
23.946;0;0;0.01;24.1;48767;30.7;-76.2;61.7;0;0;0
23.964;0.241;0.01;0.02;24.1;48799;30.7;-76.3;61.6;0;0;0
23.995;0.241;0.01;0.05;24.1;48827;30.7;-76.9;61.7;0;0;0
24.027;2.41;0.1;0.25;24.1;48865;30.7;-77.6;61.7;0;0;0
24.042;0;0;0.01;24.2;48866;30.7;-77.7;61.7;0;0;0
24.057;7.953;0.33;0.7;24.1;48895;30.7;-77.7;61.8;0;0;0
24.09;0;0;0;24.1;48955;30.7;-77.7;61.8;0;0;0
24.121;2.904;0.12;0.29;24.2;49038;30.6;-77.6;62.1;0;0;0
24.135;0.241;0.01;0;24.1;49059;30.7;-77.5;62;0;0;0
24.151;6.025;0.25;0.57;24.1;49110;30.7;-77.8;62.2;0;0;0
24.183;0;0;0.02;24.2;49187;30.8;-77.9;62.3;0;0;0
24.214;1.92;0.08;0.2;24;49292;30.7;-78.2;62.5;0;0;0
24.23;0.482;0.02;0.04;24.1;49327;30.7;-79.2;62.5;0;0;0
24.245;4.097;0.17;0.4;24.1;49372;30.7;-80.2;62.5;0;0;0
24.277;0.242;0.01;0.03;24.2;49428;30.7;-80.6;62.5;0;0;0
24.311;1.928;0.08;0.2;24.1;49498;30.8;-81.6;62.7;0;0;0
24.324;0;0;0.03;24.2;49515;30.8;-82.2;62.6;0;0;0
24.339;4.579;0.19;0.42;24.1;49557;30.8;-82.5;62.8;0;0;0
24.371;0.242;0.01;0.05;24.2;49620;30.8;-82.9;62.8;0;0;0
24.404;2.169;0.09;0.21;24.1;49697;30.8;-83.5;62.8;0;0;0
24.416;0.241;0.01;0.02;24.1;49712;30.7;-83.7;62.8;0;0;0
24.435;3.63;0.15;0.37;24.2;49764;30.7;-83.6;63.1;0;0;0
24.467;0.242;0.01;0.03;24.2;49821;30.7;-83.3;63;0;0;0
24.496;2.42;0.1;0.22;24.2;49895;30.8;-83.8;63.1;0;0;0
24.513;0.484;0.02;0.07;24.2;49917;30.8;-84.8;63.1;0;0;0
24.527;5.566;0.23;0.51;24.2;49953;30.9;-85;63.2;0;0;0
24.557;0;0;0.02;24.2;50004;30.8;-85.3;63.2;0;0;0
24.591;2.41;0.1;0.25;24.1;50085;30.8;-84.6;63.4;0;0;0
24.606;0.484;0.02;0.07;24.2;50105;30.8;-84.9;63.4;0;0;0
24.622;5.04;0.21;0.47;24;50148;30.8;-85.3;63.5;0;0;0
24.654;0.241;0.01;0.05;24.1;50188;30.7;-84.6;63.5;0;0;0
24.684;3.146;0.13;0.3;24.2;50262;30.8;-84.1;63.7;0;0;0
24.696;0.482;0.02;0.02;24.1;50279;30.8;-84.6;63.5;0;0;0
24.716;0.241;0.01;0.04;24.1;50297;30.8;-85.1;63.6;0;0;0
24.747;0;0;0.02;24;50302;30.8;-85.5;63.5;0;0;0
24.778;3.388;0.14;0.32;24.2;50357;30.8;-85.8;63.7;0;0;0
24.792;0.241;0.01;0.01;24.1;50372;30.7;-85.4;63.7;0;0;0
24.806;7.44;0.31;0.75;24;50417;30.8;-85.3;63.9;0;0;0
24.84;0;0;0.03;24.1;50484;30.8;-84.6;63.9;0;0;0
24.871;3.388;0.14;0.28;24.2;50573;30.8;-84.3;64.1;0;0;0
24.886;0;0;0.04;24.1;50600;30.8;-84.3;64;0;0;0
24.901;5.52;0.23;0.49;24;50648;30.7;-84.3;64.2;0;0;0
24.933;0.242;0.01;0.02;24.2;50709;30.7;-83.9;64.2;0;0;0
24.963;2.651;0.11;0.27;24.1;50796;30.8;-84.4;64.3;0;0;0
24.98;0.242;0.01;0.04;24.2;50826;30.7;-84.3;64.3;0;0;0
24.995;5.302;0.22;0.46;24.1;50871;30.8;-84.5;64.4;0;0;0
25.028;0;0;0.03;24.1;50940;30.8;-83.7;64.5;0;0;0
25.056;2.169;0.09;0.2;24.1;51024;30.8;-83.9;64.6;0;0;0
25.075;0.241;0.01;0.03;24.1;51059;30.8;-84;64.7;0;0;0
25.091;3.133;0.13;0.29;24.1;51111;30.8;-84.1;64.9;0;0;0
25.123;0.478;0.02;0.05;23.9;51184;30.8;-83.9;64.8;0;0;0
25.154;1.452;0.06;0.16;24.2;51261;30.8;-84;65;0;0;0
25.166;0.964;0.04;0.07;24.1;51280;30.8;-83.7;64.9;0;0;0
25.186;2.42;0.1;0.25;24.2;51326;30.8;-83.5;65.1;0;0;0
25.217;0.241;0.01;0.03;24.1;51381;30.8;-83.5;65.1;0;0;0
25.247;1.936;0.08;0.18;24.2;51440;30.8;-84.3;65.1;0;0;0
25.263;0.484;0.02;0.04;24.2;51459;30.8;-84.1;65.1;0;0;0
25.277;4.84;0.2;0.45;24.2;51495;30.8;-84.5;65.3;0;0;0
25.306;0;0;0;24.2;51552;30.8;-84.7;65.3;0;0;0
25.342;1.694;0.07;0.16;24.2;51643;30.7;-82;65.5;0;0;0
25.356;0.482;0.02;0.04;24.1;51667;30.7;-80.9;65.4;0;0;0
25.374;2.64;0.11;0.26;24;51717;30.7;-79.8;65.6;0;0;0
25.405;0.24;0.01;0.04;24;51772;30.8;-78.5;65.5;0;0;0
25.435;1.936;0.08;0.18;24.2;51845;30.7;-77.6;65.6;0;0;0
25.45;0.484;0.02;0.03;24.2;51868;30.7;-77.3;65.6;0;0;0
25.466;0;0;0.02;24.2;51886;30.8;-76.9;65.7;0;0;0
25.496;0;0;0.02;24.1;51913;30.7;-76.3;65.6;0;0;0
25.526;1.446;0.06;0.16;24.1;51955;30.7;-76;65.8;0;0;0
25.543;0;0;0;24.2;51966;30.8;-76.6;65.8;0;0;0
25.556;5.302;0.22;0.51;24.1;51994;30.8;-77.9;65.8;0;0;0
25.588;0;0;0.02;24.1;52035;30.8;-80.3;65.8;0;0;0
25.619;2.151;0.09;0.2;23.9;52110;30.9;-82.2;66;0;0;0
25.635;0;0;0.02;24.1;52136;30.8;-82.6;66.1;0;0;0
25.652;3.872;0.16;0.37;24.2;52180;30.8;-83.5;66.2;0;0;0
25.683;0.241;0.01;0.02;24.1;52240;30.8;-84.9;66.1;0;0;0
25.717;1.936;0.08;0.21;24.2;52316;30.9;-86.1;66.3;0;0;0
25.731;0;0;0.01;24.1;52333;30.8;-86.2;66.3;0;0;0
25.747;5.808;0.24;0.48;24.2;52370;30.8;-86.7;66.4;0;0;0
25.776;0.241;0.01;0.03;24.1;52422;30.9;-86.3;66.3;0;0;0
25.806;2.42;0.1;0.21;24.2;52496;30.9;-86.7;66.6;0;0;0
25.827;0.241;0.01;0.03;24.1;52536;30.8;-84.9;66.6;0;0;0
25.844;3.374;0.14;0.3;24.1;52591;30.8;-83.3;66.8;0;0;0
25.876;0;0;0.02;24.2;52661;30.8;-81.5;66.7;0;0;0
25.907;2.169;0.09;0.19;24.1;52742;30.8;-83.1;66.8;0;0;0
25.916;-0.484;-0.02;-0.02;24.2;52763;30.9;-83.3;66.9;0;0;0
25.936;2.892;0.12;0.26;24.1;52818;30.8;-84;67;0;0;0
25.966;0.241;0.01;0.04;24.1;52871;30.9;-83.8;67.1;0;0;0
25.996;1.936;0.08;0.16;24.2;52931;30.9;-84.3;67.1;0;0;0
26.015;0.482;0.02;0.03;24.1;52959;30.8;-82.6;67;0;0;0
26.026;6.989;0.29;0.64;24.1;52985;30.8;-81.8;67;0;0;0
26.057;-0.484;-0.02;-0.02;24.2;53046;30.8;-80.8;67.2;0;0;0
26.096;1.452;0.06;0.12;24.2;53154;30.8;-79.6;67.5;0;0;0
26.105;0.241;0.01;0;24.1;53174;30.9;-80.4;67.5;0;0;0
26.126;2.662;0.11;0.25;24.2;53232;30.8;-81.7;67.5;0;0;0
26.156;0;0;0.03;24.2;53281;30.9;-83;67.6;0;0;0
26.187;1.936;0.08;0.17;24.2;53346;30.9;-83.1;67.7;0;0;0
26.196;0.242;0.01;0;24.2;53358;30.9;-83.2;67.6;0;0;0
26.215;0.242;0.01;0.02;24.2;53370;30.8;-83.9;67.5;0;0;0
26.247;0.24;0.01;0.03;24;53364;30.9;-84.2;67.4;0;0;0
26.275;2.651;0.11;0.22;24.1;53391;30.9;-84.3;67.6;0;0;0
26.291;0.484;0.02;0.03;24.2;53397;30.8;-83.4;67.5;0;0;0
26.306;6.507;0.27;0.55;24.1;53430;30.8;-82.1;67.7;0;0;0
26.339;0;0;0.01;24.2;53476;30.8;-81.3;67.8;0;0;0
26.371;3.12;0.13;0.25;24;53563;30.8;-80.9;68;0;0;0
26.385;0.241;0.01;0.02;24.1;53586;30.8;-80.6;68;0;0;0
26.403;5.061;0.21;0.46;24.1;53646;30.8;-80.3;68.2;0;0;0
26.436;0.242;0.01;0.02;24.2;53724;30.8;-79.5;68.3;0;0;0
26.466;2.651;0.11;0.23;24.1;53824;30.8;-78.7;68.3;0;0;0
26.483;0;0;0.01;24.1;53855;30.8;-78.1;68.3;0;0;0
26.496;5.324;0.22;0.46;24.2;53889;30.8;-77.8;68.4;0;0;0
26.526;0.242;0.01;0.03;24.2;53949;30.8;-77;68.3;0;0;0
26.556;2.42;0.1;0.21;24.2;54014;30.8;-76.4;68.4;0;0;0
26.576;0;0;0.01;24.2;54037;30.8;-76;68.4;0;0;0
26.595;3.63;0.15;0.29;24.2;54082;30.8;-76;68.7;0;0;0
26.625;0.241;0.01;0.04;24.1;54124;30.8;-75.7;68.6;0;0;0
26.656;2.651;0.11;0.23;24.1;54200;30.8;-75.6;68.7;0;0;0
26.666;0;0;0.02;24.1;54216;30.8;-76.1;68.8;0;0;0
26.687;3.615;0.15;0.36;24.1;54281;30.8;-76.5;68.9;0;0;0
26.716;0.241;0.01;0.04;24.1;54331;30.8;-76.4;68.9;0;0;0
26.746;2.662;0.11;0.25;24.2;54405;30.8;-76.5;69.1;0;0;0
26.764;0.241;0.01;0.04;24.1;54433;30.8;-77;69;0;0;0
26.777;6.72;0.28;0.6;24;54465;30.8;-76.8;69.1;0;0;0
26.806;0;0;-0.01;24.2;54525;30.8;-77.1;69.1;0;0;0
26.843;2.178;0.09;0.2;24.2;54615;30.9;-80.4;69.2;0;0;0
26.855;0.241;0.01;0.04;24.1;54632;30.9;-80.3;69.3;0;0;0
26.873;3.856;0.16;0.32;24.1;54677;30.8;-81.3;69.5;0;0;0
26.906;0.482;0.02;0.04;24.1;54723;30.9;-83.4;69.4;0;0;0
26.937;2.892;0.12;0.25;24.1;54794;30.9;-84.4;69.6;0;0;0
26.947;-0.726;-0.03;-0.02;24.2;54811;30.9;-84.8;69.6;0;0;0
26.963;0.726;0.03;0.06;24.2;54829;30.9;-85.5;69.5;0;0;0
26.995;0.242;0.01;0.01;24.2;54846;30.9;-85.3;69.5;0;0;0
27.028;2.42;0.1;0.2;24.2;54904;30.9;-85.7;69.6;0;0;0
27.043;0;0;0.04;24.1;54923;30.8;-86.1;69.7;0;0;0
27.056;6.776;0.28;0.6;24.2;54958;30.8;-86.3;69.8;0;0;0
27.087;0;0;0;24.1;55022;30.9;-86.8;69.8;0;0;0
27.123;2.41;0.1;0.2;24.1;55115;30.9;-86.9;70;0;0;0
27.136;0;0;0.03;24.2;55137;30.9;-86.7;70;0;0;0
27.155;4.114;0.17;0.33;24.2;55194;30.9;-86.7;70.2;0;0;0
27.186;0;0;0.03;24.1;55251;30.9;-87.1;70.1;0;0;0
27.216;2.42;0.1;0.2;24.2;55328;30.9;-86.6;70.3;0;0;0
27.234;0.242;0.01;0.02;24.2;55362;30.9;-86.6;70.3;0;0;0
27.246;5.302;0.22;0.5;24.1;55396;30.9;-86.4;70.4;0;0;0
27.277;0;0;0;24.1;55466;30.9;-87.2;70.4;0;0;0
27.306;1.928;0.08;0.17;24.1;55530;30.9;-87.4;70.6;0;0;0
27.325;0.242;0.01;0.03;24.2;55557;30.9;-86.6;70.5;0;0;0
27.337;7.23;0.3;0.57;24.1;55585;30.9;-86.7;70.5;0;0;0
27.375;0;0;0;24.2;55646;30.9;-85.8;70.6;0;0;0
27.407;2.42;0.1;0.2;24.2;55715;31;-85.3;70.7;0;0;0
27.415;0;0;0.03;24.1;55725;30.9;-85.2;70.8;0;0;0
27.436;3.63;0.15;0.31;24.2;55784;30.9;-85.6;71;0;0;0
27.466;0.241;0.01;0.04;24.1;55853;30.8;-85.9;70.9;0;0;0
27.496;1.928;0.08;0.15;24.1;55936;30.9;-86.2;71.2;0;0;0
27.515;0.484;0.02;0.03;24.2;55978;31;-85.3;71.2;0;0;0
27.526;5.784;0.24;0.46;24.1;56010;30.9;-84.5;71.2;0;0;0
27.557;0;0;0;24.1;56075;30.8;-83;71.3;0;0;0
27.588;1.936;0.08;0.14;24.2;56150;30.8;-81.5;71.4;0;0;0
27.605;0.723;0.03;0.05;24.1;56180;30.8;-80.9;71.3;0;0;0
27.619;3.872;0.16;0.32;24.2;56211;30.9;-80.7;71.3;0;0;0
27.653;0;0;0.02;24.2;56263;30.9;-79.7;71.4;0;0;0
27.683;2.16;0.09;0.18;24;56324;30.8;-79.5;71.5;0;0;0
27.7;0;0;0;24.2;56347;30.8;-79.7;71.5;0;0;0
27.715;0.482;0.02;0.05;24.1;56361;30.9;-80.4;71.5;0;0;0
27.746;0;0;0.01;24.2;56373;30.9;-81.8;71.5;0;0;0
27.776;2.169;0.09;0.18;24.1;56423;30.9;-82.7;71.7;0;0;0
27.796;0;0;0;24.1;56446;30.8;-81.6;71.8;0;0;0
27.806;9.196;0.38;0.76;24.2;56471;30.9;-82.1;71.6;0;0;0
27.844;-0.242;-0.01;-0.02;24.2;56539;30.9;-83.2;71.8;0;0;0
27.876;2.16;0.09;0.18;24;56623;30.9;-84.5;71.9;0;0;0
27.886;0.726;0.03;0.08;24.2;56643;30.9;-84;71.9;0;0;0
27.904;3.374;0.14;0.31;24.1;56699;30.9;-84.4;72.2;0;0;0
27.935;0.242;0.01;0.02;24.2;56763;30.9;-84;72.1;0;0;0
27.967;1.694;0.07;0.16;24.2;56838;31;-83.9;72.3;0;0;0
27.983;0.726;0.03;0.03;24.2;56865;30.9;-84.7;72.2;0;0;0
27.996;5.082;0.21;0.45;24.2;56894;30.9;-85.1;72.3;0;0;0
28.026;0;0;-0.01;24.2;56948;30.9;-85.4;72.4;0;0;0
28.056;2.41;0.1;0.2;24.1;57017;31;-85.5;72.5;0;0;0
28.075;0.484;0.02;0.03;24.2;57045;30.9;-84.9;72.4;0;0;0
28.091;4.114;0.17;0.38;24.2;57083;31;-84.7;72.6;0;0;0
28.122;0;0;0;24.1;57128;31;-84.3;72.5;0;0;0
28.153;2.651;0.11;0.22;24.1;57194;31;-84.3;72.6;0;0;0
28.165;-0.484;-0.02;0;24.2;57213;31;-84.4;72.8;0;0;0
28.184;4.579;0.19;0.34;24.1;57269;30.9;-84.3;72.9;0;0;0
28.216;0.482;0.02;0.04;24.1;57319;30.9;-85.6;72.8;0;0;0
28.246;2.904;0.12;0.24;24.2;57390;31;-85.7;72.9;0;0;0
28.262;0.482;0.02;0.07;24.1;57412;31;-85.4;73;0;0;0
28.278;5.808;0.24;0.47;24.2;57452;30.9;-84.9;73.1;0;0;0
28.307;0.241;0.01;0.01;24.1;57496;30.8;-82.8;73;0;0;0
28.339;3.374;0.14;0.26;24.1;57576;30.9;-81.7;73.1;0;0;0
28.355;0.242;0.01;0.03;24.2;57595;30.9;-81.4;73.2;0;0;0
28.371;6.534;0.27;0.47;24.2;57640;30.9;-81.2;73.3;0;0;0
28.404;0.484;0.02;0.05;24.2;57691;30.9;-80.3;73.1;0;0;0
28.435;3.63;0.15;0.28;24.2;57763;30.9;-80.1;73.5;0;0;0
28.451;0.482;0.02;0.03;24.1;57785;30.9;-79.9;73.5;0;0;0
28.467;0.484;0.02;0.05;24.2;57795;30.9;-79.9;73.3;0;0;0
28.496;0;0;0.03;24.2;57789;30.9;-79.7;73.3;0;0;0
28.526;4.338;0.18;0.32;24.1;57848;30.9;-81;73.5;0;0;0
28.544;0.726;0.03;0.06;24.2;57867;31;-81.7;73.4;0;0;0
28.555;12.826;0.53;0.98;24.2;57899;30.9;-81.2;73.5;0;0;0
28.59;0;0;-0.01;24.1;57974;30.9;-80.1;73.6;0;0;0
28.621;4.84;0.2;0.34;24.2;58043;30.9;-79.8;73.7;0;0;0
28.635;0.241;0.01;0.04;24.1;58049;30.9;-79.2;73.6;0;0;0
28.653;9.438;0.39;0.72;24.2;58098;31;-80.2;73.9;0;0;0
28.684;0.482;0.02;0.04;24.1;58135;31;-82.2;73.8;0;0;0
28.716;5.543;0.23;0.42;24.1;58237;30.9;-82.5;74.1;0;0;0
28.731;0.242;0.01;0.04;24.2;58260;31;-82.6;74.1;0;0;0
28.747;9.158;0.38;0.67;24.1;58311;30.9;-83;74.2;0;0;0
28.776;0.484;0.02;0.04;24.2;58357;31;-83.8;74.2;0;0;0
28.806;5.302;0.22;0.41;24.1;58440;30.9;-83.6;74.2;0;0;0
28.825;0.482;0.02;0.06;24.1;58460;30.9;-83.9;74.2;0;0;0
28.84;11.132;0.46;0.86;24.2;58506;30.9;-83.9;74.5;0;0;0
28.872;0.484;0.02;0.02;24.2;58565;30.9;-83.7;74.3;0;0;0
28.902;5.543;0.23;0.44;24.1;58635;30.9;-83.9;74.4;0;0;0
28.915;0.241;0.01;0.03;24.1;58638;30.9;-83.1;74.4;0;0;0
28.934;9.64;0.4;0.74;24.1;58695;30.8;-81.8;74.9;0;0;0
28.963;0.726;0.03;0.05;24.2;58731;30.9;-80.4;74.6;0;0;0
28.995;6.534;0.27;0.47;24.2;58817;30.9;-79.7;74.8;0;0;0
29.011;0.48;0.02;0.05;24;58826;30.9;-79.7;74.7;0;0;0
29.028;12.773;0.53;0.99;24.1;58885;30.9;-79.2;75;0;0;0
29.056;0.723;0.03;0.06;24.1;58937;30.9;-78.9;74.9;0;0;0
29.09;6.507;0.27;0.46;24.1;59032;30.9;-78.8;74.9;0;0;0
29.105;0.241;0.01;0.04;24.1;59039;30.9;-78.8;75;0;0;0
29.121;14.701;0.61;1.1;24.1;59090;30.9;-78.9;75.2;0;0;0
29.154;0.242;0.01;0.01;24.2;59120;30.9;-78.3;75;0;0;0
29.184;8.47;0.35;0.64;24.2;59198;30.9;-78.3;75.3;0;0;0
29.196;0.964;0.04;0.06;24.1;59208;30.9;-78.5;75.3;0;0;0
29.215;0.482;0.02;0.07;24.1;59199;30.9;-78;75.1;0;0;0
29.248;3.388;0.14;0.25;24.2;59160;30.9;-78.8;75.1;0;0;0
29.277;11.52;0.48;0.82;24;59268;30.9;-78.7;75.4;0;0;0
29.293;1.452;0.06;0.11;24.2;59297;30.9;-79;75.3;0;0;0
29.307;18.798;0.78;1.47;24.1;59359;30.9;-78.5;75.6;0;0;0
29.341;0.484;0.02;0.03;24.2;59439;30.9;-77.7;75.4;0;0;0
29.372;7.712;0.32;0.57;24.1;59523;30.9;-77.4;75.7;0;0;0
29.386;1.21;0.05;0.08;24.2;59526;30.9;-77.8;75.5;0;0;0
29.404;14.701;0.61;1.07;24.1;59591;30.9;-77.7;75.9;0;0;0
29.434;0.968;0.04;0.07;24.2;59631;30.9;-77;75.7;0;0;0
29.465;9.158;0.38;0.66;24.1;59717;30.9;-76.5;75.9;0;0;0
29.481;0.482;0.02;0.04;24.1;59718;30.9;-76.9;75.8;0;0;0
29.495;22.413;0.93;1.63;24.1;59764;30.9;-77;75.9;0;0;0
29.527;0;0;0.02;24.2;59829;30.9;-77;76;0;0;0
29.556;9.158;0.38;0.65;24.1;59931;31;-79.1;76.3;0;0;0
29.573;1.687;0.07;0.1;24.1;59946;31;-79.7;76;0;0;0
29.59;15.246;0.63;1.16;24.2;60009;31;-80.9;76.5;0;0;0
29.619;1.21;0.05;0.06;24.2;60054;30.9;-81.6;76.2;0;0;0
29.652;7.712;0.32;0.6;24.1;60145;31;-81.9;76.5;0;0;0
29.667;1.452;0.06;0.12;24.2;60147;31;-81.7;76.3;0;0;0
29.683;17.182;0.71;1.3;24.2;60205;30.9;-80.7;76.8;0;0;0
29.717;1.21;0.05;0.05;24.2;60246;30.9;-79.5;76.3;0;0;0
29.747;9.881;0.41;0.73;24.1;60332;31;-81.1;76.8;0;0;0
29.761;1.21;0.05;0.09;24.2;60342;31;-81.6;76.6;0;0;0
29.776;20.244;0.84;1.44;24.1;60401;31;-82.1;76.7;0;0;0
29.807;-0.242;-0.01;0;24.2;60438;31;-83.4;76.8;0;0;0
29.839;10.89;0.45;0.78;24.2;60531;30.9;-83.1;77;0;0;0
29.854;0.726;0.03;0.05;24.2;60533;30.9;-83.4;76.9;0;0;0
29.869;22.506;0.93;1.57;24.2;60588;31;-83.5;77;0;0;0
29.901;0.484;0.02;0.03;24.2;60628;30.9;-81.8;77;0;0;0
29.932;4.86;0.2;0.36;24.3;60611;30.9;-81;76.9;0;0;0
29.946;5.543;0.23;0.43;24.1;60606;31;-80.8;77.1;0;0;0
29.964;20.898;0.86;1.42;24.3;60686;30.9;-80.3;77.2;0;0;0
29.993;0.241;0.01;0.03;24.1;60732;31;-80.1;77.3;0;0;0
30.026;10.56;0.44;0.76;24;60836;30.9;-80;77.4;0;0;0
30.041;2.42;0.1;0.15;24.2;60835;30.9;-79.8;77.3;0;0;0
30.056;22.264;0.92;1.55;24.2;60894;30.9;-79.7;77.5;0;0;0
30.088;1.694;0.07;0.09;24.2;60936;30.9;-79.3;77.3;0;0;0
30.119;11.568;0.48;0.8;24.1;61041;30.9;-80.7;77.5;0;0;0
30.135;3.374;0.14;0.26;24.1;61033;30.9;-81;77.5;0;0;0
30.15;26.028;1.08;1.79;24.1;61091;31;-81.1;77.7;0;0;0
30.186;1.936;0.08;0.13;24.2;61130;31;-82.6;77.6;0;0;0
30.217;12.826;0.53;0.88;24.2;61232;31;-82.8;78;0;0;0
30.236;3.856;0.16;0.23;24.1;61234;31;-83.5;77.7;0;0;0
30.247;32.4;1.35;2.06;24;61268;31;-84;78;0;0;0
30.276;0.964;0.04;0.16;24.1;61342;31.1;-84.4;78.1;0;0;0
30.31;10.89;0.45;0.73;24.2;61447;31;-84.6;78.1;0;0;0
30.323;6.266;0.26;0.38;24.1;61444;31;-85;77.9;0;0;0
30.339;23.958;0.99;1.61;24.2;61505;31;-85.2;78.4;0;0;0
30.371;2.651;0.11;0.18;24.1;61543;31;-86.6;78.2;0;0;0
30.404;11.616;0.48;0.77;24.2;61641;31;-86.9;78.4;0;0;0
30.416;4.82;0.2;0.39;24.1;61643;31;-86.9;78.4;0;0;0
30.435;20.726;0.86;1.4;24.1;61721;31;-85.2;78.6;0;0;0
30.468;4.84;0.2;0.31;24.2;61734;30.9;-83.2;78.4;0;0;0
30.496;14.278;0.59;0.97;24.2;61837;30.9;-82.1;78.9;0;0;0
30.515;5.082;0.21;0.3;24.2;61843;31;-81.4;78.7;0;0;0
30.526;34.364;1.42;2.1;24.2;61887;31;-80.9;78.9;0;0;0
30.557;2.892;0.12;0.29;24.1;61955;31;-80.5;78.6;0;0;0
30.595;10.648;0.44;0.74;24.2;62054;31;-81.8;79.2;0;0;0
30.605;9.158;0.38;0.56;24.1;62050;31;-82.2;78.9;0;0;0
30.627;18.634;0.77;1.33;24.2;62138;31;-83.2;79.2;0;0;0
30.656;5.566;0.23;0.32;24.2;62154;31;-83.6;78.9;0;0;0
30.687;12.342;0.51;0.84;24.2;62253;31;-83.6;79.5;0;0;0
30.696;11.809;0.49;0.82;24.1;62258;31;-83.8;78.9;0;0;0
30.716;9.158;0.38;0.69;24.1;62245;30.9;-82.5;78.7;0;0;0
30.747;9.68;0.4;0.7;24.2;62232;31;-81.6;79.1;0;0;0
30.776;14.762;0.61;1;24.2;62343;31;-80.9;79.5;0;0;0
30.796;8.917;0.37;0.64;24.1;62346;31;-80.2;79.3;0;0;0
30.806;38.72;1.6;2.27;24.2;62378;31;-80.2;79.5;0;0;0
30.846;3.374;0.14;0.33;24.1;62470;31;-79.2;79.5;0;0;0
30.877;13.014;0.54;0.87;24.1;62575;31;-79;79.8;0;0;0
30.885;7.953;0.33;0.63;24.1;62578;31;-79.1;79.4;0;0;0
30.906;20.328;0.84;1.4;24.2;62654;31;-79.3;79.6;0;0;0
30.932;4.84;0.2;0.3;24.2;62664;31;-78.7;79.6;0;0;0
30.963;14.036;0.58;0.94;24.2;62764;30.9;-78;79.9;0;0;0
30.98;9.881;0.41;0.62;24.1;62763;31;-78.2;79.6;0;0;0
30.995;27.83;1.15;1.81;24.2;62825;31;-77.7;80;0;0;0
31.027;5.589;0.23;0.34;24.3;62857;30.9;-77.1;79.8;0;0;0
31.056;16.147;0.67;1.11;24.1;62955;31;-76.3;80.2;0;0;0
31.075;8.712;0.36;0.58;24.2;62956;31;-76;80.2;0;0;0
31.092;27.346;1.13;1.76;24.2;63034;31;-77.7;80.3;0;0;0
31.123;6.025;0.25;0.39;24.1;63065;31;-80.5;80.2;0;0;0
31.155;14.701;0.61;1.01;24.1;63167;31.1;-82;80.5;0;0;0
31.166;8.435;0.35;0.59;24.1;63172;31.1;-82.9;80.4;0;0;0
31.187;22.022;0.91;1.42;24.2;63253;31;-83.7;80.5;0;0;0
31.217;7.23;0.3;0.5;24.1;63263;31;-85.1;80.5;0;0;0
31.246;16.147;0.67;1.05;24.1;63366;31.1;-84.7;80.9;0;0;0
31.265;9.6;0.4;0.61;24;63372;31.1;-84.4;80.5;0;0;0
31.276;39.93;1.65;2.45;24.2;63409;31;-84.1;80.8;0;0;0
31.307;5.082;0.21;0.39;24.2;63473;31.1;-84.5;80.7;0;0;0
31.337;15.73;0.65;1.07;24.2;63573;31.1;-84.8;81.1;0;0;0
31.356;9.881;0.41;0.64;24.1;63573;31.1;-84.1;80.8;0;0;0
31.376;24.48;1.02;1.62;24;63654;31.1;-84.2;81;0;0;0
31.407;7.018;0.29;0.44;24.2;63673;31;-82.5;81;0;0;0
31.436;17.424;0.72;1.12;24.2;63774;31;-81.3;81.2;0;0;0
31.456;8.194;0.34;0.54;24.1;63779;31;-80.8;81.1;0;0;0
31.466;41.693;1.73;2.47;24.1;63811;31;-80.6;81.4;0;0;0
31.496;6.025;0.25;0.48;24.1;63881;31;-80.2;81.3;0;0;0
31.526;10.845;0.45;0.7;24.1;63873;31;-79.6;81.3;0;0;0
31.545;11.616;0.48;0.73;24.2;63874;31;-79.4;81.3;0;0;0
31.557;40.247;1.67;2.44;24.1;63918;31.1;-79.9;81.5;0;0;0
31.591;5.808;0.24;0.44;24.2;63983;31.1;-80.5;81.3;0;0;0
31.619;16.87;0.7;1.1;24.1;64080;31.1;-81.8;81.8;0;0;0
31.634;7.502;0.31;0.49;24.2;64092;31.1;-82.3;81.6;0;0;0
31.651;25.894;1.07;1.7;24.2;64165;31;-82.9;81.9;0;0;0
31.684;6.776;0.28;0.43;24.2;64192;31.1;-84.7;81.7;0;0;0
31.715;16.147;0.67;1.07;24.1;64290;31.1;-85.4;82;0;0;0
31.731;8.917;0.37;0.56;24.1;64293;31.1;-85.5;81.7;0;0;0
31.746;30.125;1.25;1.95;24.1;64358;31;-84.5;82.1;0;0;0
31.777;6.025;0.25;0.4;24.1;64393;31;-83.2;82;0;0;0
31.806;16.629;0.69;1.03;24.1;64493;31;-81.7;82.3;0;0;0
31.827;8.88;0.37;0.57;24;64496;31;-81.2;82.1;0;0;0
31.843;26.862;1.11;1.76;24.2;64566;31;-80.7;82.5;0;0;0
31.875;6.748;0.28;0.41;24.1;64597;31;-80.4;82.3;0;0;0
31.907;15.488;0.64;1;24.2;64699;31;-80;82.5;0;0;0
31.915;9.64;0.4;0.62;24.1;64702;31;-80;82.4;0;0;0
31.936;21.208;0.88;1.39;24.1;64792;31;-79.6;82.7;0;0;0
31.966;6.776;0.28;0.4;24.2;64806;31;-79.5;82.5;0;0;0
31.997;15.906;0.66;1.02;24.1;64901;31;-79;82.8;0;0;0
32.015;10.363;0.43;0.66;24.1;64898;31;-78.8;82.6;0;0;0
32.026;41.693;1.73;2.4;24.1;64930;31;-79;82.9;0;0;0
32.056;5.566;0.23;0.46;24.2;65006;31.1;-80.4;82.7;0;0;0
32.096;13.794;0.57;0.88;24.2;65108;31.1;-82;82.9;0;0;0
32.106;8.228;0.34;0.58;24.2;65106;31.1;-82.2;83;0;0;0
32.126;23.716;0.98;1.56;24.2;65194;31.1;-82.9;83.2;0;0;0
32.156;5.784;0.24;0.38;24.1;65212;31;-81.3;83.1;0;0;0
32.186;15.183;0.63;0.98;24.1;65315;31.1;-82.8;83.4;0;0;0
32.196;10.406;0.43;0.62;24.2;65317;31.1;-83.5;83.1;0;0;0
32.216;9.922;0.41;0.62;24.2;65306;31.1;-84.5;83.1;0;0;0
32.246;12.584;0.52;0.76;24.2;65293;31.1;-85.4;83.1;0;0;0
32.277;15.906;0.66;1.03;24.1;65405;31.1;-86.3;83.5;0;0;0
32.292;8.194;0.34;0.52;24.1;65416;31.1;-86.4;83.3;0;0;0
32.306;31.33;1.3;2.01;24.1;65476;31.1;-86.2;83.6;0;0;0
32.339;4.598;0.19;0.32;24.2;65515;31.1;-85.5;83.6;0;0;0
32.371;15.246;0.63;0.98;24.2;65615;31.1;-86.3;83.7;0;0;0
32.385;8.954;0.37;0.56;24.2;65615;31.1;-86.6;83.6;0;0;0
32.403;26.028;1.08;1.67;24.1;65693;31.1;-86.4;83.8;0;0;0
32.435;5.04;0.21;0.32;24;65718;31;-83.7;83.8;0;0;0
32.467;15.183;0.63;0.99;24.1;65820;31;-82.4;84;0;0;0
32.483;7.986;0.33;0.51;24.2;65825;31;-81.8;83.9;0;0;0
32.496;34.364;1.42;2.12;24.2;65876;31;-81.3;84;0;0;0
32.526;4.097;0.17;0.28;24.1;65919;31;-81.1;84.1;0;0;0
32.556;15.488;0.64;0.98;24.2;66020;31;-80.4;84.3;0;0;0
32.576;7.953;0.33;0.5;24.1;66023;31;-79.7;84.1;0;0;0
32.596;23.232;0.96;1.5;24.2;66105;31;-79.6;84.3;0;0;0
32.625;5.784;0.24;0.35;24.1;66119;31.1;-79.3;84.3;0;0;0
32.659;14.46;0.6;0.93;24.1;66225;31;-78.9;84.5;0;0;0
32.665;6.989;0.29;0.45;24.1;66229;31;-79.1;84.5;0;0;0
32.686;20.812;0.86;1.38;24.2;66319;31;-79;84.7;0;0;0
32.717;4.097;0.17;0.27;24.1;66337;31.1;-78.4;84.6;0;0;0
32.746;14.701;0.61;0.93;24.1;66431;31.1;-78.4;85;0;0;0
32.765;7.502;0.31;0.44;24.2;66434;31;-78.1;84.7;0;0;0
32.776;37.837;1.57;2.25;24.1;66474;31.1;-78.3;84.9;0;0;0
32.806;2.892;0.12;0.27;24.1;66533;31;-78.2;84.8;0;0;0
32.843;13.255;0.55;0.84;24.1;66629;31;-78.1;85;0;0;0
32.855;7.23;0.3;0.44;24.1;66628;31;-78.4;85;0;0;0
32.873;24.823;1.03;1.6;24.1;66709;31;-78.6;85.1;0;0;0
32.906;3.388;0.14;0.19;24.2;66734;31;-78.7;85.1;0;0;0
32.936;15.246;0.63;0.93;24.2;66824;31;-78.3;85.4;0;0;0
32.947;8.435;0.35;0.54;24.1;66827;31;-77.7;85.3;0;0;0
32.963;9.68;0.4;0.55;24.2;66821;31;-77.4;85.2;0;0;0
32.995;11.374;0.47;0.67;24.2;66804;31;-77.4;85.1;0;0;0
33.027;15.73;0.65;0.98;24.2;66915;31;-77.5;85.6;0;0;0
33.043;7.744;0.32;0.5;24.2;66920;31.1;-77.6;85.5;0;0;0
33.056;34.364;1.42;2.04;24.2;66978;31.1;-78;85.6;0;0;0
33.093;4.356;0.18;0.31;24.2;67025;31.1;-77.9;85.5;0;0;0
33.124;14.219;0.59;0.91;24.1;67130;31.1;-80.6;85.9;0;0;0
33.137;8.194;0.34;0.49;24.1;67132;31.1;-81.5;85.7;0;0;0
33.155;24.2;1;1.57;24.2;67211;31.2;-82.3;85.9;0;0;0
33.187;5.061;0.21;0.31;24.1;67229;31.1;-84;85.7;0;0;0
33.215;15.972;0.66;1;24.2;67324;31.1;-84.5;86.1;0;0;0
33.23;7.744;0.32;0.45;24.2;67328;31.1;-84.3;85.9;0;0;0
33.246;27.84;1.16;1.78;24;67399;31.1;-84;86.1;0;0;0
33.277;3.133;0.13;0.19;24.1;67434;31;-84.5;86.1;0;0;0
33.307;14.278;0.59;0.87;24.2;67528;31;-84.4;86.5;0;0;0
33.323;7.986;0.33;0.5;24.2;67533;31;-83.4;86.3;0;0;0
33.341;24.823;1.03;1.63;24.1;67610;31.1;-82.7;86.4;0;0;0
33.37;4.579;0.19;0.25;24.1;67630;31;-82.8;86.3;0;0;0
33.402;15.004;0.62;0.93;24.2;67721;31.1;-84.1;86.7;0;0;0
33.415;10.164;0.42;0.61;24.2;67722;31.1;-84.3;86.4;0;0;0
33.432;26.992;1.12;1.72;24.1;67798;31.1;-84.9;86.7;0;0;0
33.465;2.904;0.12;0.14;24.2;67841;31.2;-85.2;86.6;0;0;0
33.495;15.004;0.62;0.97;24.2;67922;31.1;-85.3;86.9;0;0;0
33.511;9.68;0.4;0.6;24.2;67923;31.2;-85.5;86.7;0;0;0
33.528;26.51;1.1;1.69;24.1;68003;31.1;-85.5;86.9;0;0;0
33.558;3.615;0.15;0.22;24.1;68031;31.1;-85.2;86.9;0;0;0
33.589;13.68;0.57;0.84;24;68133;31;-84.9;87.3;0;0;0
33.603;11.374;0.47;0.68;24.2;68131;31.1;-84.5;86.8;0;0;0
33.619;28.798;1.19;1.81;24.2;68192;31.1;-83.4;87.3;0;0;0
33.651;5.543;0.23;0.33;24.1;68220;31.1;-81.8;87.1;0;0;0
33.681;12.291;0.51;0.7;24.1;68200;31;-81;87.1;0;0;0
33.696;13.068;0.54;0.76;24.2;68195;31;-80.6;87.1;0;0;0
33.714;29.884;1.24;1.86;24.1;68281;31.1;-80;87.3;0;0;0
33.744;3.146;0.13;0.21;24.2;68326;31;-81.3;87.3;0;0;0
33.775;13.496;0.56;0.83;24.1;68434;31.1;-80.6;87.6;0;0;0
33.794;9.196;0.38;0.58;24.2;68429;31;-80;87.4;0;0;0
33.807;37.994;1.57;2.16;24.2;68477;31.1;-80.5;87.5;0;0;0
33.837;3.615;0.15;0.31;24.1;68529;31.1;-82;87.6;0;0;0
33.875;12.291;0.51;0.77;24.1;68638;31.1;-83.1;87.9;0;0;0
33.885;8.676;0.36;0.55;24.1;68640;31.2;-83.4;87.7;0;0;0
33.907;19.36;0.8;1.2;24.2;68728;31.1;-84.2;88;0;0;0
33.936;5.324;0.22;0.31;24.2;68737;31.1;-84.2;87.9;0;0;0
33.966;13.737;0.57;0.86;24.1;68832;31.1;-84.7;88.3;0;0;0
33.987;8.435;0.35;0.52;24.1;68834;31.2;-85;88;0;0;0
33.996;40.898;1.69;2.17;24.2;68858;31.2;-85.2;88.4;0;0;0
34.027;4.114;0.17;0.34;24.2;68939;31.1;-85.9;88.3;0;0;0
34.056;13.552;0.56;0.85;24.2;69037;31.1;-84.3;88.6;0;0;0
34.076;8.47;0.35;0.52;24.2;69038;31.1;-83;88.2;0;0;0
34.096;24.1;1;1.51;24.1;69119;31;-82.3;88.3;0;0;0
34.126;3.872;0.16;0.2;24.2;69133;31.1;-81.2;88.4;0;0;0
34.156;14.762;0.61;0.93;24.2;69237;31.1;-80.3;88.8;0;0;0
34.166;8.228;0.34;0.46;24.2;69235;31.1;-80.3;88.6;0;0;0
34.186;21.449;0.89;1.32;24.1;69330;31.1;-80.3;88.8;0;0;0
34.216;4.097;0.17;0.23;24.1;69343;31.1;-79.8;88.6;0;0;0
34.245;14.52;0.6;0.93;24.2;69437;31.1;-79.4;89.1;0;0;0
34.266;7.26;0.3;0.42;24.2;69441;31.1;-79;88.8;0;0;0
34.276;36.542;1.51;2;24.2;69472;31.1;-79.1;89.1;0;0;0
34.311;3.63;0.15;0.29;24.2;69543;31.1;-78.9;89;0;0;0
34.339;15.246;0.63;0.94;24.2;69642;31.1;-78.5;89.1;0;0;0
34.354;5.082;0.21;0.29;24.2;69638;31.1;-78.3;89.1;0;0;0
34.371;28.556;1.18;1.79;24.2;69718;31.1;-78.6;89;0;0;0
34.404;2.178;0.09;0.09;24.2;69745;31.1;-77.7;89.2;0;0;0
34.435;13.737;0.57;0.82;24.1;69845;31.1;-77.8;89.6;0;0;0
34.447;6.266;0.26;0.36;24.1;69842;31.1;-77.7;89.4;0;0;0
34.467;7.502;0.31;0.43;24.2;69835;31.1;-77.5;89.4;0;0;0
34.497;9.64;0.4;0.55;24.1;69818;31.1;-77.8;89.4;0;0;0
34.527;15.73;0.65;0.95;24.2;69933;31.1;-79.8;89.5;0;0;0
34.546;5.808;0.24;0.32;24.2;69935;31.1;-80.2;89.5;0;0;0
34.557;36.3;1.5;1.98;24.2;69976;31.1;-80.7;89.9;0;0;0
34.595;3.388;0.14;0.25;24.2;70042;31.1;-81.9;89.6;0;0;0
34.627;13.014;0.54;0.8;24.1;70153;31.1;-82.8;89.9;0;0;0
34.636;1.205;0.05;0.09;24.1;70150;31.1;-82.8;90;0;0;0
34.657;21.208;0.88;1.33;24.1;70247;31.1;-83;90;0;0;0
34.686;2.42;0.1;0.11;24.2;70253;31.1;-83.3;89.9;0;0;0
34.716;13.794;0.57;0.82;24.2;70361;31.1;-83.5;90.1;0;0;0
34.736;3.872;0.16;0.25;24.2;70351;31.2;-83.5;90;0;0;0
34.746;36.391;1.51;1.98;24.1;70380;31.2;-83.2;90.5;0;0;0
34.777;2.178;0.09;0.21;24.2;70452;31.1;-82.9;90.3;0;0;0
34.807;14.278;0.59;0.86;24.2;70569;31.1;-84;90.5;0;0;0
34.826;1.452;0.06;0.11;24.2;70559;31.1;-84.1;90.4;0;0;0
34.847;20.812;0.86;1.29;24.2;70653;31.1;-84.1;90.6;0;0;0
34.878;2.169;0.09;0.13;24.1;70652;31.2;-83.9;90.4;0;0;0
34.906;14.219;0.59;0.84;24.1;70757;31.2;-85.1;90.7;0;0;0
34.916;0.241;0.01;-0.02;24.1;70754;31.1;-85.3;90.7;0;0;0
34.936;22.692;0.93;1.43;24.4;70845;31.1;-85.7;90.7;0;0;0
34.964;0.242;0.01;0.01;24.2;70856;31.2;-85.5;90.9;0;0;0
34.995;13.851;0.57;0.82;24.3;70960;31.2;-85.5;91;0;0;0
35.012;2.662;0.11;0.15;24.2;70954;31.2;-85.1;90.9;0;0;0
35.026;30.607;1.27;1.85;24.1;71013;31.2;-85.2;91;0;0;0
35.056;0;0;0.03;24.2;71053;31.2;-86.4;91.2;0;0;0
35.091;12.532;0.52;0.78;24.1;71161;31.2;-85.4;91.2;0;0;0
35.107;4.617;0.19;0.27;24.3;71147;31.2;-85;91.1;0;0;0
35.123;28.438;1.18;1.77;24.1;71221;31.2;-85;91.1;0;0;0
35.155;0.484;0.02;0.01;24.2;71244;31.2;-85;91.3;0;0;0
35.187;13.552;0.56;0.79;24.2;71358;31.2;-85;91.4;0;0;0
35.196;-1.452;-0.06;-0.12;24.2;71352;31.2;-85;91.6;0;0;0
35.216;7.29;0.3;0.46;24.3;71337;31.2;-84.5;91.3;0;0;0
35.247;8.194;0.34;0.46;24.1;71312;31.2;-84.7;91.4;0;0;0
35.276;15.424;0.64;0.92;24.1;71442;31.2;-84.5;91.7;0;0;0
35.296;2.904;0.12;0.19;24.2;71437;31.1;-83.3;91.6;0;0;0
35.308;37.355;1.55;2.16;24.1;71475;31.1;-83.5;92.2;0;0;0
35.347;2.169;0.09;0.17;24.1;71548;31.2;-85.9;91.7;0;0;0
35.376;15.004;0.62;0.97;24.2;71665;31.2;-86.3;91.9;0;0;0
35.386;0.964;0.04;0.08;24.1;71664;31.2;-86.4;91.8;0;0;0
35.406;20.244;0.84;1.47;24.1;71758;31.2;-85.9;92;0;0;0
35.437;0;0;-0.04;24.3;71759;31.2;-86.1;92.2;0;0;0
35.466;15.665;0.65;1.01;24.1;71872;31.2;-85.3;92.2;0;0;0
35.486;0.723;0.03;0.03;24.1;71855;31.2;-85;92.4;0;0;0
35.497;37.576;1.54;2.29;24.4;71890;31.2;-84.8;92.6;0;0;0
35.526;1.936;0.08;0.17;24.2;71974;31.2;-84.7;92.2;0;0;0
35.556;12.879;0.53;0.92;24.3;72083;31.2;-85;92.4;0;0;0
35.576;0;0;0.01;24.1;72070;31.2;-84.9;92.4;0;0;0
35.596;23.377;0.97;1.63;24.1;72156;31.2;-84.3;92.3;0;0;0
35.619;-1.23;-0.05;-0.17;24.6;72164;31.2;-84.6;92.6;0;0;0
35.651;13.978;0.58;1.01;24.1;72274;31.2;-84.7;92.7;0;0;0
35.665;-0.723;-0.03;-0.06;24.1;72257;31.2;-85;92.8;0;0;0
35.683;27.83;1.15;1.94;24.2;72333;31.3;-84.6;92.6;0;0;0
35.717;0;0;0.06;24.3;72343;31.2;-85.1;92.9;0;0;0
35.747;15.372;0.63;1.06;24.4;72465;31.1;-82.7;93;0;0;0
35.764;-0.241;-0.01;-0.03;24.1;72446;31.2;-83.1;93.2;0;0;0
35.776;34.848;1.44;2.24;24.2;72482;31.2;-83.1;93.6;0;0;0
35.806;2.662;0.11;0.31;24.2;72566;31.2;-83.4;93;0;0;0
35.844;11.178;0.46;0.88;24.3;72673;31.2;-83.8;93.2;0;0;0
35.855;-0.244;-0.01;-0.04;24.4;72650;31.1;-83.4;93.2;0;0;0
35.875;25.787;1.07;1.86;24.1;72735;31.1;-83;93.2;0;0;0
35.906;0;0;-0.02;24.4;72739;31.1;-82.8;93.5;0;0;0
35.936;16.32;0.68;1.21;24;72867;31.1;-83.2;93.4;0;0;0
35.955;-0.482;-0.02;0.01;24.1;72846;31.1;-82.9;93.7;0;0;0
35.965;34.848;1.44;2.35;24.2;72866;31.1;-82.8;94.4;0;0;0
35.997;3.888;0.16;0.38;24.3;72951;31.1;-83.2;93.7;0;0;0
36.026;7.712;0.32;0.47;24.1;72912;31.1;-81.9;93.4;0;0;0
36.046;8.435;0.35;0.48;24.1;72893;31.1;-81;93.6;0;0;0
36.056;37.576;1.54;2.17;24.4;72920;31.2;-81.8;94.5;0;0;0
36.095;5.784;0.24;0.54;24.1;72998;31.1;-82;93.9;0;0;0
36.126;15.183;0.63;1.1;24.1;73126;31.1;-82.5;93.7;0;0;0
36.136;-0.964;-0.04;-0.04;24.1;73112;31.1;-82.7;94;0;0;0
36.156;23.814;0.98;1.59;24.3;73185;31.2;-82.9;93.8;0;0;0
36.186;3.402;0.14;0.37;24.3;73192;31.2;-83.3;94.2;0;0;0
36.216;15.246;0.63;1.12;24.2;73304;31.2;-83.3;93.9;0;0;0
36.235;5.856;0.24;0.39;24.4;73284;31.2;-82.8;94.3;0;0;0
36.246;27.216;1.12;1.61;24.3;73320;31.2;-82.5;94.7;0;0;0
36.275;5.302;0.22;0.49;24.1;73377;31.2;-83;94.5;0;0;0
36.307;15.424;0.64;1.05;24.1;73466;31.2;-81.6;94.3;0;0;0
36.322;7.887;0.33;0.42;23.9;73463;31.2;-81.1;94.4;0;0;0
36.339;22.506;0.93;1.28;24.2;73516;31.2;-80.5;94.7;0;0;0
36.371;9.56;0.4;0.63;23.9;73552;31.1;-79.7;94.5;0;0;0
36.403;17.111;0.71;1;24.1;73640;31.2;-79;94.5;0;0;0
36.415;11.421;0.47;0.61;24.3;73644;31.2;-78.8;94.6;0;0;0
36.435;20.328;0.84;1.08;24.2;73691;31.2;-79.6;94.8;0;0;0
36.468;12.2;0.5;0.67;24.4;73748;31.2;-80.7;94.8;0;0;0
36.497;16.836;0.69;0.87;24.4;73802;31.3;-81.5;94.8;0;0;0
36.515;13.794;0.57;0.71;24.2;73828;31.2;-82.3;94.9;0;0;0
36.526;14.46;0.6;0.78;24.1;73843;31.2;-82.3;95;0;0;0
36.557;13.014;0.54;0.67;24.1;73875;31.1;-83.8;94.9;0;0;0
36.596;13.068;0.54;0.69;24.2;73900;31.2;-83.4;94.9;0;0;0
36.607;10.845;0.45;0.61;24.1;73905;31.2;-83.5;94.9;0;0;0
36.625;12.773;0.53;0.65;24.1;73909;31.1;-83.5;94.9;0;0;0
36.656;12.614;0.53;0.68;23.8;73917;31.1;-83.1;94.9;0;0;0
36.686;13.92;0.58;0.73;24;73927;31.2;-81.6;94.9;0;0;0
36.704;13.552;0.56;0.7;24.2;73934;31.2;-81.2;94.9;0;0;0
36.716;13.255;0.55;0.7;24.1;73937;31.2;-81.3;95;0;0;0
36.746;13.122;0.54;0.67;24.3;73943;31.2;-80.1;94.9;0;0;0
36.776;12.826;0.53;0.68;24.2;73942;31.2;-81.1;94.9;0;0;0
36.795;12.826;0.53;0.68;24.2;73943;31.3;-81.6;94.9;0;0;0
36.806;12.342;0.51;0.65;24.2;73943;31.3;-81.4;94.9;0;0;0
36.845;12.1;0.5;0.63;24.2;73939;31.2;-82.4;94.9;0;0;0
36.876;12.05;0.5;0.63;24.1;73935;31.3;-83.6;94.9;0;0;0
36.885;11.809;0.49;0.62;24.1;73935;31.3;-83.5;94.9;0;0;0
36.906;12.444;0.51;0.64;24.4;73935;31.2;-83.3;94.9;0;0;0
36.936;11.907;0.49;0.62;24.3;73931;31.3;-84;94.9;0;0;0
36.963;12.444;0.51;0.64;24.4;73932;31.2;-84.6;94.9;0;0;0
36.98;12.05;0.5;0.64;24.1;73935;31.2;-83.3;94.9;0;0;0
36.996;12.1;0.5;0.64;24.2;73937;31.1;-81.9;94.9;0;0;0
37.027;12.291;0.51;0.64;24.1;73940;31.2;-80.1;94.9;0;0;0
37.056;12.773;0.53;0.67;24.1;73941;31.2;-78.6;94.9;0;0;0
37.075;12.532;0.52;0.65;24.1;73943;31.1;-77.9;94.9;0;0;0
37.091;12.826;0.53;0.67;24.2;73943;31.1;-77.4;94.9;0;0;0
37.123;13.014;0.54;0.67;24.1;73942;31.2;-77;94.9;0;0;0
37.156;11.568;0.48;0.62;24.1;73942;31.1;-76;94.9;0;0;0
37.165;12.72;0.53;0.64;24;73940;31.1;-76;94.9;0;0;0
37.187;12.636;0.52;0.67;24.3;73937;31.2;-76.2;94.9;0;0;0
37.216;12.24;0.51;0.64;24;73939;31.2;-75.8;94.9;0;0;0
37.247;11.664;0.48;0.62;24.3;73938;31.2;-75.9;94.9;0;0;0
37.265;12.342;0.51;0.63;24.2;73935;31.2;-76.1;94.9;0;0;0
37.275;13.014;0.54;0.67;24.1;73936;31.2;-77.1;94.9;0;0;0
37.306;12.584;0.52;0.65;24.2;73940;31.3;-78.9;95;0;0;0
37.345;12.773;0.53;0.68;24.1;73949;31.3;-80.9;94.9;0;0;0
37.357;13.068;0.54;0.67;24.2;73948;31.3;-81.2;94.9;0;0;0
37.375;12.826;0.53;0.67;24.2;73944;31.3;-81.1;95;0;0;0
37.405;14.036;0.58;0.72;24.2;73942;31.3;-82.2;94.9;0;0;0
37.436;14.762;0.61;0.76;24.2;73948;31.3;-83.2;95;0;0;0
37.453;13.255;0.55;0.71;24.1;73952;31.3;-83.8;94.9;0;0;0
37.466;13.2;0.55;0.68;24;73952;31.3;-84;94.9;0;0;0
37.496;13.44;0.56;0.7;24;73952;31.2;-84.5;94.9;0;0;0
37.526;13.552;0.56;0.69;24.2;73956;31.3;-84.6;94.9;0;0;0
37.544;12.48;0.52;0.66;24;73954;31.2;-83.3;94.9;0;0;0
37.556;12.72;0.53;0.68;24;73955;31.2;-82.7;94.9;0;0;0
37.588;12.932;0.53;0.68;24.4;73954;31.2;-80.7;95;0;0;0
37.619;13.068;0.54;0.68;24.2;73953;31.2;-79;94.9;0;0;0
37.635;13.255;0.55;0.68;24.1;73954;31.2;-78.8;94.9;0;0;0
37.652;12.1;0.5;0.64;24.2;73952;31.3;-79.4;95;0;0;0
37.685;12.291;0.51;0.65;24.1;73951;31.3;-80.6;95;0;0;0
37.715;12.2;0.5;0.62;24.4;73949;31.3;-82.1;94.9;0;0;0
37.731;11.858;0.49;0.63;24.2;73949;31.3;-82.8;95;0;0;0
37.747;11.132;0.46;0.59;24.2;73949;31.3;-82.9;94.9;0;0;0
37.776;12.1;0.5;0.64;24.2;73945;31.3;-82.9;94.9;0;0;0
37.806;13.496;0.56;0.7;24.1;73945;31.3;-84.2;94.9;0;0;0
37.825;13.365;0.55;0.7;24.3;73947;31.3;-84.2;95;0;0;0
37.84;12.05;0.5;0.65;24.1;73951;31.3;-83.9;94.9;0;0;0
37.872;13.31;0.55;0.68;24.2;73949;31.3;-85.2;94.9;0;0;0
37.904;13.496;0.56;0.7;24.1;73949;31.2;-85.8;94.9;0;0;0
37.915;13.851;0.57;0.71;24.3;73950;31.2;-85.9;95;0;0;0
37.933;13.122;0.54;0.69;24.3;73954;31.3;-85.8;94.9;0;0;0
37.965;13.496;0.56;0.7;24.1;73960;31.3;-85.6;94.9;0;0;0
37.996;13.014;0.54;0.68;24.1;73956;31.3;-85.9;94.9;0;0;0
38.012;13.365;0.55;0.69;24.3;73956;31.3;-86.1;95;0;0;0
38.026;13.31;0.55;0.69;24.2;73957;31.3;-86;94.9;0;0;0
38.057;13.068;0.54;0.69;24.2;73958;31.3;-85.9;95;0;0;0
38.09;12.636;0.52;0.65;24.3;73955;31.3;-85.7;94.9;0;0;0
38.104;12.584;0.52;0.67;24.2;73952;31.3;-84.1;94.9;0;0;0
38.121;14.52;0.6;0.73;24.2;73953;31.2;-83;95;0;0;0
38.151;12.688;0.52;0.67;24.4;73954;31.3;-83.7;94.9;0;0;0
38.184;12.291;0.51;0.64;24.1;73953;31.3;-82;94.9;0;0;0
38.198;12.15;0.5;0.63;24.3;73953;31.3;-81.5;95;0;0;0
38.214;11.568;0.48;0.61;24.1;73951;31.3;-81;94.9;0;0;0
38.246;13.496;0.56;0.71;24.1;73949;31.2;-80;94.9;0;0;0
38.275;13.2;0.55;0.69;24;73949;31.3;-79;95;0;0;0
38.292;14.219;0.59;0.73;24.1;73952;31.2;-78.5;94.9;0;0;0
38.311;13.42;0.55;0.69;24.4;73958;31.1;-77.7;95;0;0;0
38.339;13.737;0.57;0.71;24.1;73958;31.2;-77;95;0;0;0
38.371;12.773;0.53;0.68;24.1;73959;31.3;-79.7;95;0;0;0
38.386;12.826;0.53;0.65;24.2;73957;31.3;-80.3;94.9;0;0;0
38.401;13.014;0.54;0.7;24.1;73957;31.3;-81.9;95;0;0;0
38.432;12.291;0.51;0.64;24.1;73960;31.3;-84;94.9;0;0;0
38.463;12.05;0.5;0.62;24.1;73955;31.2;-85.2;94.9;0;0;0
38.478;12.342;0.51;0.64;24.2;73954;31.3;-84.8;94.9;0;0;0
38.494;10.648;0.44;0.62;24.2;73952;31.2;-83.7;94.9;0;0;0
38.526;12.1;0.5;0.61;24.2;73942;31.3;-82.7;94.9;0;0;0
38.557;13.014;0.54;0.68;24.1;73945;31.3;-83.3;94.9;0;0;0
38.572;12.906;0.54;0.68;23.9;73949;31.3;-84;94.9;0;0;0
38.588;10.89;0.45;0.59;24.2;73951;31.4;-84.4;94.9;0;0;0
38.619;12.773;0.53;0.66;24.1;73949;31.3;-84.7;94.9;0;0;0
38.651;12.532;0.52;0.66;24.1;73954;31.3;-84.1;94.9;0;0;0
38.666;11.374;0.47;0.6;24.2;73953;31.3;-83.9;95;0;0;0
38.681;12.342;0.51;0.63;24.2;73951;31.3;-83.8;95;0;0;0
38.713;12;0.5;0.64;24;73948;31.3;-84.4;94.9;0;0;0
38.743;12.342;0.51;0.64;24.2;73947;31.3;-82;94.9;0;0;0
38.759;12.15;0.5;0.63;24.3;73946;31.3;-81;94.9;0;0;0
38.775;12.584;0.52;0.65;24.2;73945;31.3;-80.2;94.9;0;0;0
38.806;12.852;0.54;0.68;23.8;73950;31.3;-81.9;94.9;0;0;0
38.838;11.086;0.46;0.6;24.1;73952;31.3;-83.3;94.9;0;0;0
38.853;11.809;0.49;0.61;24.1;73951;31.3;-82.8;94.9;0;0;0
38.869;11.858;0.49;0.64;24.2;73948;31.3;-82.1;95;0;0;0
38.9;12.291;0.51;0.64;24.1;73947;31.2;-80.7;95;0;0;0
38.932;12.584;0.52;0.66;24.2;73952;31.2;-79.4;94.9;0;0;0
38.947;13.68;0.57;0.7;24;73953;31.2;-79.1;94.9;0;0;0
38.963;13.737;0.57;0.71;24.1;73957;31.2;-78.3;95;0;0;0
38.997;12.826;0.53;0.67;24.2;73961;31.2;-77.6;94.9;0;0;0
39.025;12.05;0.5;0.64;24.1;73954;31.2;-77.4;94.9;0;0;0
39.041;12.773;0.53;0.69;24.1;73952;31.2;-77.6;95;0;0;0
39.056;13.496;0.56;0.68;24.1;73951;31.3;-78.7;94.9;0;0;0
39.089;12.342;0.51;0.65;24.2;73954;31.3;-79.4;94.9;0;0;0
39.121;13.31;0.55;0.68;24.2;73957;31.4;-81.1;94.9;0;0;0
39.136;12.1;0.5;0.63;24.2;73959;31.4;-81.5;95;0;0;0
39.151;13.014;0.54;0.68;24.1;73959;31.3;-81.8;94.9;0;0;0
39.182;12.773;0.53;0.66;24.1;73959;31.3;-82.3;95;0;0;0
39.214;12.96;0.54;0.69;24;73959;31.4;-82.5;95;0;0;0
39.229;13.608;0.56;0.7;24.3;73960;31.3;-83.1;94.9;0;0;0
39.245;12.291;0.51;0.65;24.1;73960;31.3;-84;94.9;0;0;0
39.275;12.05;0.5;0.63;24.1;73961;31.4;-84;94.9;0;0;0
39.307;12.25;0.5;0.64;24.5;73957;31.4;-84.2;94.9;0;0;0
39.323;12.291;0.51;0.64;24.1;73955;31.3;-82.6;94.9;0;0;0
39.338;12.532;0.52;0.66;24.1;73957;31.3;-81.8;94.9;0;0;0
39.37;11.568;0.48;0.61;24.1;73958;31.3;-80.9;95;0;0;0
39.401;12;0.5;0.63;24;73958;31.3;-80.2;94.9;0;0;0
39.416;11.956;0.49;0.62;24.4;73958;31.3;-79.7;94.9;0;0;0
39.433;12.342;0.51;0.66;24.2;73958;31.3;-79.4;94.9;0;0;0
39.463;11.616;0.48;0.61;24.2;73957;31.3;-78.7;94.9;0;0;0
39.495;12.773;0.53;0.67;24.1;73953;31.2;-77.7;94.9;0;0;0
39.509;13.496;0.56;0.69;24.1;73952;31.3;-77.5;94.9;0;0;0
39.526;13.623;0.57;0.71;23.9;73953;31.3;-77.2;94.9;0;0;0
39.556;12.96;0.54;0.68;24;73961;31.2;-76.5;94.9;0;0;0
39.589;12.342;0.51;0.65;24.2;73962;31.3;-76.1;95;0;0;0
39.604;11.809;0.49;0.63;24.1;73964;31.2;-76.3;94.9;0;0;0
39.619;11.809;0.49;0.6;24.1;73963;31.3;-76.4;95;0;0;0
39.652;12.48;0.52;0.66;24;73961;31.2;-75.8;94.9;0;0;0
39.683;12.584;0.52;0.66;24.2;73965;31.2;-75.4;94.9;0;0;0
39.696;11.374;0.47;0.61;24.2;73966;31.3;-75.4;94.9;0;0;0
39.715;13.365;0.55;0.67;24.3;73966;31.3;-75.8;95;0;0;0
39.746;12.532;0.52;0.67;24.1;73968;31.3;-76;95;0;0;0
39.777;12.532;0.52;0.65;24.1;73970;31.3;-76.3;94.9;0;0;0
39.792;11.809;0.49;0.62;24.1;73970;31.3;-77.4;94.9;0;0;0
39.806;11.327;0.47;0.61;24.1;73968;31.3;-78.8;94.9;0;0;0
39.838;12.189;0.51;0.63;23.9;73963;31.4;-81.1;94.9;0;0;0
39.87;12.291;0.51;0.64;24.1;73967;31.3;-82;94.9;0;0;0
39.885;12;0.5;0.64;24;73968;31.4;-82.6;94.9;0;0;0
39.901;10.98;0.45;0.59;24.4;73967;31.4;-82.6;94.9;0;0;0
39.933;11.907;0.49;0.61;24.3;73959;31.4;-83.9;94.9;0;0;0
39.964;11.327;0.47;0.61;24.1;73952;31.4;-83.5;94.9;0;0;0
39.979;13.255;0.55;0.68;24.1;73951;31.3;-82.6;94.9;0;0;0
39.994;12.72;0.53;0.68;24;73953;31.3;-81.7;95;0;0;0
40.025;12.852;0.54;0.67;23.8;73960;31.3;-80.6;94.9;0;0;0
40.056;12.72;0.53;0.67;24;73965;31.3;-80;94.9;0;0;0
40.076;13.014;0.54;0.67;24.1;73967;31.3;-79.3;95;0;0;0
40.097;11.568;0.48;0.64;24.1;73968;31.2;-78.3;94.9;0;0;0
40.126;12.826;0.53;0.65;24.2;73964;31.3;-77.3;94.9;0;0;0
40.156;12.932;0.53;0.67;24.4;73964;31.3;-76.8;94.9;0;0;0
40.165;11.95;0.5;0.63;23.9;73963;31.3;-76.9;94.9;0;0;0
40.187;12.636;0.52;0.66;24.3;73962;31.3;-77.1;94.9;0;0;0
40.216;12.1;0.5;0.63;24.2;73962;31.3;-76.9;94.9;0;0;0
40.246;12.636;0.52;0.65;24.3;73963;31.3;-76.9;94.9;0;0;0
40.265;12.826;0.53;0.67;24.2;73965;31.3;-76.9;94.9;0;0;0
40.276;10.8;0.45;0.59;24;73966;31.3;-77.2;95;0;0;0
40.308;11.472;0.48;0.61;23.9;73957;31.3;-77.2;94.9;0;0;0
40.339;12.584;0.52;0.65;24.2;73958;31.4;-76.9;94.9;0;0;0
40.352;12.532;0.52;0.66;24.1;73959;31.3;-76.8;95;0;0;0
40.371;12.291;0.51;0.64;24.1;73958;31.3;-77.9;95;0;0;0
40.403;12.532;0.52;0.67;24.1;73957;31.4;-79;94.9;0;0;0
40.431;13.068;0.54;0.68;24.2;73958;31.3;-80;94.9;0;0;0
40.447;13.255;0.55;0.71;24.1;73958;31.3;-80.5;94.9;0;0;0
40.463;13.552;0.56;0.68;24.2;73961;31.3;-80.7;94.9;0;0;0
40.494;13.23;0.54;0.68;24.5;73966;31.3;-81;95;0;0;0
40.525;12.532;0.52;0.66;24.1;73965;31.3;-81.5;95;0;0;0
40.54;13.122;0.54;0.67;24.3;73965;31.3;-82;95;0;0;0
40.557;12.532;0.52;0.68;24.1;73964;31.3;-82.8;94.9;0;0;0
40.587;13.2;0.55;0.7;24;73964;31.3;-83.3;94.9;0;0;0
40.626;12.688;0.52;0.65;24.4;73962;31.3;-83;94.9;0;0;0
40.637;12.532;0.52;0.67;24.1;73960;31.3;-82.6;94.9;0;0;0
40.656;13.255;0.55;0.68;24.1;73958;31.4;-82.7;95;0;0;0
40.686;13.255;0.55;0.71;24.1;73963;31.4;-82.5;95;0;0;0
40.716;13.068;0.54;0.67;24.2;73969;31.4;-83;94.9;0;0;0
40.735;13.255;0.55;0.68;24.1;73970;31.3;-83.1;94.9;0;0;0
40.746;13.552;0.56;0.67;24.2;73971;31.3;-83.2;94.9;0;0;0
40.776;12.15;0.5;0.65;24.3;73975;31.4;-82.5;94.9;0;0;0
40.807;12.826;0.53;0.67;24.2;73970;31.4;-82.6;94.9;0;0;0
40.826;14.52;0.6;0.73;24.2;73970;31.3;-81.7;94.9;0;0;0
40.846;13.31;0.55;0.69;24.2;73977;31.3;-80.9;94.9;0;0;0
40.87;13.365;0.55;0.69;24.3;73977;31.4;-80.1;95;0;0;0
40.901;13.92;0.58;0.73;24;73977;31.4;-79.2;94.9;0;0;0
40.915;14.884;0.61;0.75;24.4;73978;31.4;-79.1;94.9;0;0;0
40.933;13.31;0.55;0.7;24.2;73980;31.4;-79.1;94.9;0;0;0
40.963;12.826;0.53;0.68;24.2;73976;31.3;-78.6;95;0;0;0
40.998;13.92;0.58;0.72;24;73972;31.4;-78.3;94.9;0;0;0
41.011;12.48;0.52;0.66;24;73974;31.4;-78.3;94.9;0;0;0
41.026;12.96;0.54;0.67;24;73974;31.4;-78.6;94.9;0;0;0
41.056;12.906;0.54;0.69;23.9;73969;31.4;-78.2;94.9;0;0;0
41.09;14.337;0.59;0.74;24.3;73969;31.4;-79.9;94.9;0;0;0
41.104;14.823;0.61;0.75;24.3;73969;31.5;-80.9;94.9;0;0;0
41.12;14.16;0.59;0.77;24;73970;31.4;-81.3;94.9;0;0;0
41.151;14.278;0.59;0.73;24.2;73975;31.4;-82.2;95;0;0;0
41.183;14.219;0.59;0.75;24.1;73977;31.4;-82.5;94.9;0;0;0
41.196;14.823;0.61;0.73;24.3;73975;31.4;-82.9;94.9;0;0;0
41.213;14.52;0.6;0.77;24.2;73974;31.5;-82.8;94.9;0;0;0
41.245;15.004;0.62;0.77;24.2;73975;31.4;-83.5;94.9;0;0;0
41.276;14.52;0.6;0.75;24.2;73979;31.4;-81.7;94.9;0;0;0
41.293;13.908;0.57;0.71;24.4;73980;31.4;-80.9;95;0;0;0
41.306;14.101;0.59;0.75;23.9;73978;31.4;-80.7;94.9;0;0;0
41.338;14.88;0.62;0.77;24;73980;31.4;-80.2;94.9;0;0;0
41.369;13.68;0.57;0.73;24;73980;31.4;-79.3;94.9;0;0;0
41.385;15.972;0.66;0.81;24.2;73979;31.4;-78.8;94.9;0;0;0
41.401;15.665;0.65;0.82;24.1;73981;31.4;-78.4;94.9;0;0;0
41.431;14.818;0.62;0.79;23.9;73987;31.4;-77.8;95;0;0;0
41.462;14.219;0.59;0.74;24.1;73985;31.4;-77.4;94.9;0;0;0
41.485;14.701;0.61;0.76;24.1;73983;31.4;-77.6;94.9;0;0;0
41.494;13.608;0.56;0.72;24.3;73984;31.4;-77.8;95;0;0;0
41.526;13.862;0.58;0.72;23.9;73981;31.3;-77.5;94.9;0;0;0
41.557;14.762;0.61;0.76;24.2;73979;31.4;-77.4;94.9;0;0;0
41.571;15.246;0.63;0.78;24.2;73978;31.4;-77.7;94.9;0;0;0
41.596;14.036;0.58;0.74;24.2;73980;31.5;-78.3;95;0;0;0
41.62;14.278;0.59;0.73;24.2;73980;31.5;-79;94.9;0;0;0
41.652;15.488;0.64;0.8;24.2;73981;31.4;-80;94.9;0;0;0
41.665;14.884;0.61;0.75;24.4;73982;31.4;-79.7;94.9;0;0;0
41.683;13.68;0.57;0.72;24;73982;31.4;-79.3;95;0;0;0
41.716;14.46;0.6;0.75;24.1;73978;31.4;-78.9;94.9;0;0;0
41.743;14.88;0.62;0.78;24;73978;31.4;-78.8;94.9;0;0;0
41.763;14.88;0.62;0.77;24;73982;31.4;-78.4;94.9;0;0;0
41.776;14.64;0.61;0.76;24;73982;31.4;-78.2;94.9;0;0;0
41.807;15.004;0.62;0.78;24.2;73982;31.4;-77.7;94.9;0;0;0
41.837;14.278;0.59;0.73;24.2;73981;31.4;-77.8;94.9;0;0;0
41.855;13.737;0.57;0.74;24.1;73980;31.4;-77.9;94.9;0;0;0
41.875;14.52;0.6;0.74;24.2;73977;31.4;-77.9;94.9;0;0;0
41.907;14.46;0.6;0.76;24.1;73976;31.4;-77.7;94.9;0;0;0
41.936;15.004;0.62;0.78;24.2;73982;31.4;-77.5;94.9;0;0;0
41.955;14.094;0.58;0.71;24.3;73984;31.4;-77.2;94.9;0;0;0
41.966;13.92;0.58;0.72;24;73984;31.4;-77.1;94.9;0;0;0
41.996;13.794;0.57;0.72;24.2;73984;31.4;-77.3;94.9;0;0;0
42.026;14.036;0.58;0.72;24.2;73982;31.5;-79.2;94.9;0;0;0
42.046;13.255;0.55;0.72;24.1;73982;31.5;-79.9;95;0;0;0
42.056;14.942;0.62;0.76;24.1;73980;31.5;-80.3;94.9;0;0;0
42.087;14.88;0.62;0.78;24;73982;31.4;-81.5;95;0;0;0
42.126;14.219;0.59;0.74;24.1;73983;31.5;-82.2;94.9;0;0;0
42.135;16.456;0.68;0.81;24.2;73983;31.4;-82.3;94.9;0;0;0
42.156;15.004;0.62;0.78;24.2;73988;31.5;-82.5;94.9;0;0;0
42.188;15.183;0.63;0.78;24.1;73991;31.5;-82.9;95;0;0;0
42.216;14.036;0.58;0.74;24.2;73991;31.5;-83;94.9;0;0;0
42.235;13.794;0.57;0.71;24.2;73990;31.4;-83.2;94.9;0;0;0
42.248;13.496;0.56;0.72;24.1;73988;31.4;-83.2;95;0;0;0
42.277;14.278;0.59;0.73;24.2;73982;31.4;-81.9;94.9;0;0;0
42.308;14.219;0.59;0.75;24.1;73979;31.4;-80.6;94.9;0;0;0
42.323;14.219;0.59;0.73;24.1;73980;31.5;-81.4;94.9;0;0;0
42.337;13.623;0.57;0.73;23.9;73983;31.5;-81.7;94.9;0;0;0
42.371;14.16;0.59;0.73;24;73980;31.5;-83.4;95;0;0;0
42.404;14.52;0.6;0.76;24.2;73984;31.5;-84.1;94.9;0;0;0
42.415;13.737;0.57;0.7;24.1;73984;31.5;-83.9;95;0;0;0
42.436;14.219;0.59;0.74;24.1;73982;31.4;-84.2;94.9;0;0;0
42.467;14.022;0.57;0.72;24.6;73984;31.4;-83.9;94.9;0;0;0
42.498;14.16;0.59;0.74;24;73983;31.4;-83.4;94.9;0;0;0
42.515;14.16;0.59;0.73;24;73982;31.4;-82.9;94.9;0;0;0
42.526;14.46;0.6;0.74;24.1;73983;31.4;-83.1;94.9;0;0;0
42.556;14.16;0.59;0.74;24;73984;31.4;-81.7;94.9;0;0;0
42.596;14.52;0.6;0.74;24.2;73986;31.5;-80.7;94.9;0;0;0
42.607;15.066;0.62;0.82;24.3;73987;31.4;-80.4;94.9;0;0;0
42.627;14.52;0.6;0.74;24.2;73988;31.4;-80;94.9;0;0;0
42.656;14.278;0.59;0.74;24.2;73988;31.4;-79.4;95;0;0;0
42.686;14.52;0.6;0.75;24.2;73988;31.4;-78.7;95;0;0;0
42.705;14.701;0.61;0.76;24.1;73990;31.4;-78.4;94.9;0;0;0
42.716;14.7;0.6;0.76;24.5;73990;31.4;-78.3;94.9;0;0;0
42.747;14.036;0.58;0.73;24.2;73995;31.4;-78.1;94.9;0;0;0
42.776;13.794;0.57;0.72;24.2;73992;31.5;-77.8;95;0;0;0
42.795;13.496;0.56;0.69;24.1;73991;31.4;-77.5;94.9;0;0;0
42.806;13.978;0.58;0.71;24.1;73989;31.4;-77.5;94.9;0;0;0
42.846;14.16;0.59;0.73;24;73983;31.4;-77.2;95;0;0;0
42.876;13.978;0.58;0.73;24.1;73988;31.4;-76.6;94.9;0;0;0
42.885;13.014;0.54;0.71;24.1;73988;31.4;-76.5;94.9;0;0;0
42.906;13.851;0.57;0.7;24.3;73987;31.4;-76.5;94.9;0;0;0
42.936;13.68;0.57;0.71;24;73985;31.4;-76;94.9;0;0;0
42.963;13.978;0.58;0.73;24.1;73984;31.4;-76;94.9;0;0;0
42.979;14.219;0.59;0.73;24.1;73982;31.4;-76;94.9;0;0;0
42.995;15.435;0.63;0.79;24.5;73983;31.5;-76.1;94.9;0;0;0